{"type":"FeatureCollection","features":[{"type":"Feature","properties":{"kind":"land"},"geometry":{"type":"Polygon","coordinates":[[[-2.0329,47.01],[-1.9887,47.0292],[-1.9979,47.0525],[-2.1059,47.1137],[-2.2513,47.1333],[-2.1688,47.1708],[-2.1717,47.2679],[-2.0642,47.2921],[-1.9976,47.2804],[-2.0092,47.2887],[-1.9658,47.2812],[-1.9567,47.2925],[-2.0184,47.3163],[-2.1717,47.2904],[-2.1825,47.2987],[-2.2009,47.2671],[-2.3009,47.2329],[-2.3775,47.2779],[-2.4258,47.2746],[-2.4171,47.2583],[-2.4342,47.2571],[-2.5451,47.2896],[-2.5292,47.3021],[-2.4975,47.2838],[-2.4721,47.295],[-2.5005,47.3016],[-2.4817,47.3154],[-2.5158,47.3021],[-2.5079,47.3417],[-2.5588,47.3758],[-2.4675,47.4221],[-2.4329,47.4133],[-2.4571,47.4266],[-2.4559,47.4479],[-2.4954,47.45],[-2.4996,47.495],[-2.4084,47.4929],[-2.39,47.5062],[-2.4442,47.4996],[-2.5017,47.5162],[-2.4983,47.5271],[-2.5459,47.5221],[-2.5509,47.5088],[-2.595,47.5171],[-2.6341,47.5037],[-2.6042,47.5287],[-2.6183,47.5429],[-2.6192,47.5312],[-2.6442,47.5329],[-2.6267,47.5162],[-2.6826,47.5271],[-2.6671,47.5175],[-2.6842,47.4946],[-2.7367,47.5054],[-2.8168,47.4871],[-2.8509,47.4987],[-2.8708,47.5312],[-2.905,47.5346],[-2.893,47.545],[-2.9133,47.5421],[-2.9171,47.5566],[-2.8784,47.5654],[-2.8534,47.5379],[-2.8266,47.5504],[-2.825,47.537],[-2.8242,47.5571],[-2.7992,47.5387],[-2.7909,47.5521],[-2.7809,47.5404],[-2.7334,47.5429],[-2.7205,47.5858],[-2.6905,47.59],[-2.7021,47.635],[-2.7108,47.5912],[-2.7804,47.62],[-2.7346,47.6142],[-2.7592,47.6462],[-2.7726,47.6296],[-2.7983,47.6479],[-2.7833,47.6212],[-2.8334,47.6121],[-2.86,47.6221],[-2.8633,47.5962],[-2.8892,47.6037],[-2.8933,47.582],[-2.9109,47.5921],[-2.9209,47.5821],[-2.92,47.6021],[-2.9275,47.5937],[-2.9322,47.6067],[-2.9375,47.5862],[-2.9504,47.6091],[-2.9363,47.6266],[-2.958,47.6275],[-2.9768,47.6621],[-2.9538,47.6141],[-2.9621,47.585],[-2.9296,47.5558],[-2.9759,47.5579],[-2.9834,47.5887],[-2.9988,47.59],[-2.9892,47.5679],[-3.0084,47.5662],[-3.0359,47.6379],[-3.0209,47.5679],[-3.0401,47.5837],[-3.0976,47.5637],[-3.1088,47.575],[-3.0938,47.5817],[-3.1296,47.5975],[-3.1296,47.5225],[-3.0813,47.4692],[-3.1317,47.4738],[-3.1621,47.5275],[-3.1363,47.5467],[-3.1513,47.6108],[-3.2008,47.6229],[-3.2096,47.64],[-3.1833,47.6896],[-3.16,47.6804],[-3.1426,47.6979],[-3.1163,47.6959],[-3.1242,47.7054],[-3.1688,47.6975],[-3.1471,47.7163],[-3.1267,47.7063],[-3.1266,47.7271],[-3.1616,47.7104],[-3.1342,47.7487],[-3.1476,47.7529],[-3.1567,47.7304],[-3.1921,47.7475],[-3.1638,47.7058],[-3.1967,47.7112],[-3.1909,47.6904],[-3.2146,47.695],[-3.1997,47.6833],[-3.215,47.6429],[-3.2767,47.6804],[-3.3621,47.69],[-3.3533,47.7012],[-3.2816,47.6862],[-3.3034,47.7112],[-3.3638,47.7075],[-3.2816,47.7813],[-3.3342,47.7438],[-3.3525,47.7554],[-3.3617,47.7271],[-3.4001,47.7346],[-3.3679,47.7183],[-3.3842,47.7021],[-3.4526,47.6954],[-3.5288,47.765],[-3.5258,47.7962],[-3.5384,47.7604],[-3.6475,47.7838],[-3.6784,47.7762],[-3.7221,47.7991],[-3.695,47.8279],[-3.7317,47.8029],[-3.7475,47.8412],[-3.7409,47.7971],[-3.8567,47.7888],[-3.8438,47.8041],[-3.9005,47.8341],[-3.8872,47.8558],[-3.9175,47.8562],[-3.9013,47.8583],[-3.9071,47.8766],[-3.9317,47.8721],[-3.9475,47.9029],[-3.9954,47.8983],[-3.9763,47.89],[-3.9775,47.8529],[-4.04,47.8479],[-3.9963,47.855],[-4.0408,47.8613],[-4.0441,47.8445],[-4.0884,47.8621],[-4.0471,47.8508],[-4.0817,47.8779],[-4.0934,47.8612],[-4.115,47.8721],[-4.1475,47.9129],[-4.1475,47.8979],[-4.1763,47.9],[-4.1408,47.8954],[-4.1138,47.8633],[-4.1717,47.8446],[-4.1563,47.8616],[-4.1692,47.8562],[-4.1942,47.8871],[-4.1837,47.8741],[-4.1975,47.8579],[-4.2071,47.865],[-4.1884,47.8371],[-4.1579,47.8316],[-4.1817,47.8012],[-4.2114,47.7988],[-4.2158,47.8112],[-4.22,47.7921],[-4.3767,47.7962],[-4.3822,47.8209],[-4.348,47.8342],[-4.3563,47.87],[-4.4375,47.9704],[-4.538,48.0105],[-4.5347,48.028],[-4.5696,48.0022],[-4.6338,48.0289],[-4.6971,48.0264],[-4.74,48.0409],[-4.7067,48.0459],[-4.7163,48.0672],[-4.4913,48.088],[-4.4221,48.1097],[-4.368,48.1114],[-4.3037,48.0922],[-4.2733,48.1351],[-4.2792,48.1576],[-4.2992,48.1626],[-4.3196,48.2047],[-4.3754,48.2081],[-4.4322,48.2388],[-4.5021,48.233],[-4.4975,48.2193],[-4.5571,48.1697],[-4.5551,48.2126],[-4.5759,48.2334],[-4.5492,48.2542],[-4.6288,48.2563],[-4.6334,48.2834],[-4.5721,48.2855],[-4.5834,48.3217],[-4.5363,48.3447],[-4.5575,48.3018],[-4.5405,48.2864],[-4.5255,48.2989],[-4.513,48.2821],[-4.4205,48.2947],[-4.3962,48.2764],[-4.278,48.2972],[-4.2692,48.2859],[-4.2863,48.2905],[-4.2917,48.2759],[-4.2604,48.2663],[-4.2721,48.2597],[-4.2246,48.2597],[-4.2113,48.2422],[-4.1576,48.2501],[-4.2213,48.263],[-4.2395,48.2609],[-4.2821,48.2789],[-4.1875,48.2984],[-4.2371,48.3005],[-4.2296,48.3155],[-4.2496,48.3014],[-4.2842,48.3142],[-4.2521,48.3289],[-4.2929,48.3131],[-4.3401,48.3176],[-4.2696,48.3581],[-4.3321,48.3406],[-4.3234,48.3609],[-4.3571,48.3447],[-4.3446,48.3581],[-4.3788,48.3263],[-4.4184,48.3268],[-4.3971,48.343],[-4.4567,48.3293],[-4.4021,48.3881],[-4.3012,48.428],[-4.3721,48.4013],[-4.3863,48.4097],[-4.403,48.3905],[-4.4346,48.3964],[-4.4471,48.3814],[-4.4996,48.3872],[-4.5355,48.3589],[-4.6122,48.3363],[-4.6822,48.3564],[-4.7113,48.3314],[-4.7746,48.3314],[-4.7851,48.3551],[-4.7701,48.3626],[-4.7917,48.3693],[-4.7642,48.3793],[-4.7976,48.416],[-4.773,48.4655],[-4.7351,48.4751],[-4.7638,48.4722],[-4.7801,48.5068],[-4.7313,48.5597],[-4.7039,48.5563],[-4.7088,48.573],[-4.6321,48.5789],[-4.578,48.5605],[-4.6151,48.5784],[-4.61,48.5993],[-4.6013,48.6088],[-4.5963,48.5955],[-4.5279,48.5938],[-4.5717,48.6109],[-4.5438,48.6397],[-4.513,48.6238],[-4.4105,48.6397],[-4.4388,48.6572],[-4.3488,48.6797],[-4.3005,48.6664],[-4.3208,48.6468],[-4.3047,48.6347],[-4.2772,48.6514],[-4.2005,48.6539],[-4.225,48.6601],[-4.1872,48.6888],[-4.1029,48.6972],[-4.063,48.6763],[-4.0576,48.7035],[-4.0088,48.7297],[-3.9992,48.7129],[-3.9713,48.7266],[-3.9559,48.6462],[-3.9242,48.6754],[-3.8992,48.6729],[-3.903,48.6525],[-3.8567,48.6212],[-3.8662,48.6725],[-3.8492,48.6604],[-3.8579,48.6858],[-3.8209,48.7179],[-3.7884,48.7021],[-3.7233,48.7063],[-3.6826,48.6871],[-3.6459,48.6971],[-3.6542,48.6662],[-3.6284,48.6862],[-3.5983,48.6696],[-3.5704,48.6833],[-3.585,48.7262],[-3.5238,48.7325],[-3.5867,48.7571],[-3.5871,48.7891],[-3.545,48.797],[-3.5496,48.815],[-3.5209,48.8187],[-3.5151,48.8363],[-3.5041,48.8246],[-3.48,48.8371],[-3.4584,48.8154],[-3.4292,48.8196],[-3.4433,48.7971],[-3.3951,48.8013],[-3.3917,48.8154],[-3.3242,48.8388],[-3.2675,48.8346],[-3.2275,48.8704],[-3.2096,48.8475],[-3.2221,48.8358],[-3.2046,48.8366],[-3.2134,48.8063],[-3.1709,48.8529],[-3.0767,48.8838],[-3.1005,48.8667],[-3.0788,48.8567],[-3.0963,48.86],[-3.0996,48.8325],[-3.0813,48.8291],[-3.1005,48.7842],[-3.1351,48.7504],[-3.1004,48.7691],[-3.0759,48.8204],[-3.0151,48.8221],[-3.0071,48.8008],[-3.0463,48.7849],[-3.0117,48.782],[-3.0296,48.7775],[-3.0,48.7646],[-2.9517,48.7729],[-2.9312,48.7559],[-2.9479,48.7216],[-2.8304,48.655],[-2.8225,48.5945],[-2.7151,48.5563],[-2.7288,48.53],[-2.6867,48.4962],[-2.6817,48.5346],[-2.6292,48.5229],[-2.6338,48.5375],[-2.555,48.5996],[-2.4751,48.6229],[-2.4884,48.6463],[-2.4375,48.6537],[-2.4184,48.6346],[-2.3191,48.6904],[-2.3133,48.6721],[-2.2862,48.6674],[-2.3367,48.6204],[-2.3142,48.6121],[-2.2467,48.6454],[-2.2134,48.5737],[-2.195,48.6112],[-2.1825,48.5779],[-2.1579,48.5875],[-2.1754,48.5975],[-2.1525,48.6187],[-2.1259,48.6045],[-2.1525,48.6337],[-2.0492,48.6396],[-2.0579,48.6258],[-2.0321,48.625],[-2.0346,48.6049],[-1.9971,48.5783],[-2.0155,48.5717],[-1.975,48.5362],[-1.963,48.5499],[-1.9897,48.5833],[-1.9571,48.5783],[-2.0151,48.5987],[-2.0046,48.6141],[-2.033,48.6508],[-1.9893,48.6687],[-1.9926,48.6846],[-1.9417,48.6846],[-1.963,48.69],[-1.9351,48.7029],[-1.905,48.6904],[-1.8434,48.7121],[-1.8371,48.68],[-1.8721,48.6458],[-1.8425,48.6162],[-1.7717,48.6037],[-1.635,48.6179],[-1.5925,48.6396],[-1.5117,48.6212],[-1.51,48.6321],[-1.4701,48.6254],[-1.43,48.6437],[-1.3575,48.6338],[-1.4129,48.6591],[-1.3892,48.6763],[-1.4476,48.6554],[-1.4534,48.6721],[-1.505,48.6871],[-1.5301,48.7312],[-1.5704,48.7442],[-1.5763,48.8216],[-1.6154,48.8358],[-1.5804,48.8566],[-1.5575,48.9329],[-1.5496,48.9175],[-1.558,49.025],[-1.5342,49.0354],[-1.5601,49.0396],[-1.575,49.0037],[-1.588,49.0092],[-1.6112,49.0966],[-1.5788,49.1375],[-1.5971,49.1442],[-1.6121,49.2208],[-1.5479,49.22],[-1.6133,49.2371],[-1.6309,49.2129],[-1.6796,49.2842],[-1.6588,49.2825],[-1.7121,49.3233],[-1.6758,49.3329],[-1.7175,49.3479],[-1.7242,49.3279],[-1.7808,49.3729],[-1.7609,49.3737],[-1.8113,49.3741],[-1.8454,49.4967],[-1.8879,49.5275],[-1.8421,49.5733],[-1.8463,49.6225],[-1.8717,49.6571],[-1.9488,49.6758],[-1.94,49.7279],[-1.8875,49.7071],[-1.8508,49.7204],[-1.8242,49.6912],[-1.6883,49.6746],[-1.6734,49.6596],[-1.6309,49.6612],[-1.6225,49.6446],[-1.5083,49.6629],[-1.475,49.7004],[-1.2659,49.6988],[-1.2296,49.6092],[-1.255,49.6129],[-1.2759,49.5721],[-1.275,49.5871],[-1.2992,49.5829],[-1.3104,49.55],[-1.1721,49.4125],[-1.183,49.3508],[-1.1409,49.3604],[-1.1158,49.3262],[-1.1205,49.36],[-1.0816,49.3887],[-0.9933,49.3979],[-0.9233,49.3937],[-0.8525,49.3637],[-0.7417,49.3487],[-0.4051,49.3362],[-0.2296,49.2775],[-0.2192,49.2846],[-0.09,49.2995],[0.0,49.3279],[0.0741,49.3646],[0.0942,49.3512],[0.0779,49.3675],[0.13,49.4046],[0.2158,49.4254],[0.2491,49.4162],[0.2324,49.4279],[0.3899,49.4321],[0.3733,49.4404],[0.4862,49.4808],[0.3625,49.4496],[0.1574,49.4571],[0.0916,49.4804],[0.15,49.4679],[0.1737,49.4758],[0.1092,49.4804],[0.0654,49.5167],[0.1629,49.6875],[0.2058,49.7146],[0.3333,49.7462],[0.5799,49.8521],[0.7791,49.8737],[0.9616,49.9187],[1.025,49.9162],[1.0849,49.9346],[1.0925,49.9179],[1.0916,49.9337],[1.2008,49.9712],[1.4441,50.1017],[1.52,50.2096],[1.5699,50.2212],[1.595,50.1963],[1.6658,50.1833],[1.6724,50.1941],[1.6433,50.1896],[1.6524,50.1991],[1.6308,50.2041],[1.6558,50.215],[1.6233,50.2137],[1.5858,50.2592],[1.5516,50.2612],[1.5391,50.2775],[1.5541,50.3608],[1.6091,50.3692],[1.5541,50.3967],[1.5808,50.5324],[1.6125,50.5367],[1.5775,50.5675],[1.5591,50.6992],[1.5658,50.7233],[1.5941,50.7291],[1.6041,50.7733],[1.5833,50.8729],[1.6516,50.8846],[1.7716,50.9545],[2.5,51.0762],[2.7617,51.167],[3.0832,51.3062],[3.1798,51.3312],[3.1949,51.3487],[3.1965,51.3329],[3.5065,51.4087],[3.6848,51.372],[3.7399,51.3437],[3.8048,51.3462],[3.8114,51.3345],[3.8132,51.3445],[3.8648,51.3371],[3.9548,51.3654],[3.9748,51.4079],[4.0132,51.4029],[4.0474,51.3691],[4.1333,51.3395],[4.1366,51.3537],[4.1758,51.3483],[4.1508,51.3666],[4.1799,51.357],[4.1849,51.377],[4.2503,51.3521],[4.2318,51.4041],[4.145,51.3954],[4.0816,51.4071],[3.9748,51.4596],[3.9273,51.4483],[3.8998,51.3929],[3.8132,51.3854],[3.7731,51.4096],[3.7256,51.4141],[3.679,51.45],[3.7041,51.4525],[3.6965,51.4637],[3.6365,51.4421],[3.5982,51.4504],[3.5732,51.4387],[3.4306,51.5333],[3.5682,51.5954],[3.7199,51.592],[3.8348,51.607],[3.864,51.6016],[3.9007,51.5658],[3.8715,51.5421],[3.9248,51.5454],[3.9415,51.5279],[4.05,51.5037],[4.0924,51.4499],[4.1366,51.4337],[4.2285,51.4329],[4.2924,51.4499],[4.2807,51.4874],[4.2274,51.5132],[4.2341,51.5391],[4.2049,51.5062],[4.1583,51.5229],[4.0716,51.5262],[3.984,51.5899],[4.0966,51.6129],[4.1766,51.6062],[4.2082,51.5787],[4.1925,51.6116],[4.125,51.612],[4.0974,51.6324],[4.1041,51.6474],[4.1333,51.6545],[4.1999,51.6329],[4.2733,51.6312],[4.3741,51.6582],[4.4216,51.7012],[4.5549,51.6845],[4.6458,51.7133],[4.6366,51.7262],[4.5249,51.7004],[4.4016,51.7203],[4.2466,51.767],[4.2308,51.7774],[4.2459,51.7849],[4.16,51.8179],[4.0566,51.8362],[4.0641,51.8516],[4.0258,51.8882],[4.0542,51.9149],[4.0308,51.9157],[4.0075,51.9633],[4.04,51.9836],[4.0808,51.9741],[4.08,51.9629],[4.0625,51.9699],[4.0725,51.9433],[4.0466,51.9345],[4.0891,51.9441],[4.0967,51.9695],[4.1346,51.963],[4.0908,51.9849],[4.1341,52.0008],[4.3575,52.1709],[4.5091,52.3483],[4.5708,52.4633],[4.6108,52.4741],[4.5709,52.4691],[4.6424,52.7366],[4.7333,52.9671],[4.7817,52.9696],[4.7916,52.9521],[4.8042,52.9675],[4.8141,52.9133],[4.8749,52.8921],[4.9417,52.9087],[4.9717,52.9329],[5.0366,52.9404],[5.1208,52.8491],[5.1091,52.7816],[5.1275,52.7583],[5.155,52.7404],[5.1949,52.7579],[5.2908,52.7416],[5.3025,52.7041],[5.2508,52.6866],[5.2425,52.6583],[5.2032,52.637],[5.1333,52.6204],[5.0882,52.6429],[5.0207,52.6299],[5.0358,52.5691],[5.0908,52.5075],[5.0641,52.4858],[5.0724,52.4675],[5.0391,52.4658],[5.0559,52.4441],[5.0866,52.4412],[5.0999,52.4912],[5.1108,52.4675],[5.1408,52.4616],[5.1024,52.4491],[5.0166,52.372],[4.9308,52.3842],[4.9583,52.3687],[4.966,52.3777],[5.0349,52.337],[5.0983,52.3412],[5.1732,52.3062],[5.2533,52.3103],[5.2566,52.3262],[5.2199,52.3329],[5.1408,52.3266],[5.1191,52.3816],[5.4216,52.5062],[5.4599,52.5546],[5.495,52.5571],[5.5649,52.5988],[5.6383,52.612],[5.7616,52.5829],[5.8441,52.5841],[5.8421,52.6127],[5.655,52.6129],[5.5875,52.6616],[5.5958,52.7683],[5.6625,52.8308],[5.7125,52.8416],[5.6666,52.8412],[5.6466,52.8596],[5.5699,52.8337],[5.4682,52.8546],[5.4232,52.8479],[5.3574,52.8808],[5.4074,52.9191],[5.4074,53.0225],[5.3758,53.0517],[5.3975,53.055],[5.3641,53.0658],[5.3616,53.0762],[5.3875,53.0658],[5.3774,53.0858],[5.34,53.0671],[5.3341,53.0758],[5.4008,53.1225],[5.4408,53.2175],[5.59,53.3029],[5.8633,53.3779],[5.8783,53.3963],[5.9166,53.3862],[6.1884,53.4154],[6.1608,53.3991],[6.1791,53.3367],[6.1867,53.3571],[6.2016,53.3446],[6.2166,53.3554],[6.2966,53.3363],[6.2387,53.3548],[6.2433,53.3696],[6.1908,53.365],[6.1833,53.3737],[6.2308,53.375],[6.1858,53.3791],[6.2008,53.3842],[6.1825,53.385],[6.1825,53.4033],[6.2516,53.3904],[6.1957,53.4074],[6.2549,53.4171],[6.3099,53.3954],[6.69,53.4621],[6.8133,53.4646],[6.8791,53.4416],[6.9025,53.35],[7.0221,53.3058],[7.0995,53.3078],[7.0795,53.2969],[7.0954,53.2573],[7.2086,53.2379],[7.2478,53.32],[7.3351,53.3195],[7.396,53.2889],[7.3959,53.2397],[7.4284,53.2225],[7.3993,53.238],[7.3976,53.2914],[7.3385,53.322],[7.0254,53.3375],[7.0097,53.348],[7.0297,53.4865],[7.0606,53.5177],[7.1039,53.5068],[7.1213,53.5164],[7.1063,53.5239],[7.148,53.5347],[7.0898,53.5715],[7.093,53.5857],[7.223,53.664],[7.2872,53.6818],[7.4721,53.6865],[7.5254,53.6722],[7.6936,53.7029],[7.9567,53.7183],[8.0,53.7104],[8.0,47.0],[-2.0341,47.0],[-2.0329,47.01]]]}},{"type":"Feature","properties":{"kind":"land"},"geometry":{"type":"Polygon","coordinates":[[[7.9883,58.1429],[7.9658,58.1358],[7.9591,58.1133],[7.9974,58.1075],[7.9757,58.1083],[7.9908,58.0999],[7.9483,58.0737],[7.9333,58.0937],[7.9083,58.0687],[7.8767,58.0779],[7.8199,58.0646],[7.8049,58.0787],[7.7866,58.0662],[7.7834,58.0804],[7.7299,58.0529],[7.6608,58.0467],[7.6842,58.0366],[7.6784,58.0196],[7.6558,58.0241],[7.6716,58.0121],[7.6317,58.0204],[7.5983,58.0012],[7.505,58.0046],[7.5033,58.0179],[7.4633,58.0154],[7.4567,58.0271],[7.4399,58.0137],[7.3983,58.0196],[7.4258,58.0116],[7.4084,58.0038],[7.315,58.0496],[7.3224,58.0258],[7.2983,58.0395],[7.2784,58.0254],[7.2817,58.0571],[7.2684,58.0254],[7.2483,58.0504],[7.1967,58.0271],[7.1784,58.0571],[7.145,58.0279],[7.1417,58.0421],[7.1233,58.0254],[7.1058,58.0392],[7.1125,58.0066],[7.0483,57.9804],[7.0275,57.9958],[7.0425,58.0258],[7.1341,58.0783],[7.1033,58.0829],[7.1075,58.0691],[6.9833,58.0229],[6.9758,58.0474],[7.0108,58.0583],[7.0041,58.0741],[7.0567,58.1204],[6.9599,58.0479],[6.9374,58.0742],[6.9608,58.0816],[6.9325,58.0808],[6.9532,58.1062],[6.9217,58.0712],[6.8116,58.0937],[6.905,58.1263],[6.9549,58.1129],[7.0475,58.1383],[6.9066,58.1321],[6.8341,58.1708],[6.8766,58.1971],[6.83,58.1762],[6.7941,58.185],[6.8042,58.1558],[6.8658,58.1308],[6.8266,58.1079],[6.7733,58.1145],[6.7883,58.0971],[6.8091,58.0942],[6.775,58.0779],[6.8241,58.08],[6.7967,58.0546],[6.7717,58.0712],[6.7266,58.0612],[6.6566,58.0754],[6.6383,58.0654],[6.5541,58.1158],[6.5975,58.1317],[6.6216,58.1787],[6.7166,58.1737],[6.6758,58.1942],[6.9383,58.2946],[6.7233,58.2196],[6.7008,58.2558],[6.6558,58.2616],[6.6616,58.2946],[6.6483,58.2329],[6.48,58.2554],[6.4717,58.2704],[6.4149,58.267],[6.3841,58.2758],[6.4317,58.2904],[6.3733,58.2771],[6.3241,58.3],[6.3517,58.3271],[6.3216,58.3096],[6.265,58.3204],[6.26,58.3387],[6.2483,58.3229],[6.1533,58.342],[6.0633,58.3846],[6.0516,58.3737],[6.0341,58.3808],[5.9883,58.4337],[5.955,58.4079],[5.9266,58.4546],[5.8916,58.4204],[5.8832,58.4404],[5.8616,58.4287],[5.8983,58.4621],[5.8716,58.4596],[5.8733,58.4779],[5.8233,58.4746],[5.7891,58.4908],[5.7925,58.515],[5.7649,58.5304],[5.6625,58.5508],[5.5492,58.6558],[5.5492,58.69],[5.4891,58.7508],[5.5475,58.795],[5.5524,58.865],[5.6008,58.8783],[5.5707,58.8975],[5.5741,58.9208],[5.6058,58.9266],[5.5658,58.935],[5.5724,58.9616],[5.607,58.9498],[5.6334,58.8962],[5.6841,58.9283],[5.67,58.9404],[5.6341,58.9325],[5.5874,58.9658],[5.5983,58.9838],[5.5624,58.9792],[5.5642,59.0158],[5.5908,59.02],[5.5742,59.0325],[5.7282,58.9712],[5.7458,58.9725],[5.7092,58.9899],[5.7141,59.0066],[5.7516,59.0129],[5.7691,58.9958],[5.7392,58.9833],[5.7692,58.965],[5.7458,58.9525],[5.7541,58.92],[5.7292,58.92],[5.7433,58.8529],[5.7842,58.9383],[5.8483,58.9287],[5.8717,58.9696],[5.9792,58.9366],[5.9658,58.9041],[6.0584,58.8929],[6.1633,58.8387],[6.2858,58.8392],[6.1766,58.8479],[6.0875,58.9016],[6.1174,58.9366],[6.2833,58.9979],[6.6474,59.0525],[6.2683,59.0087],[6.1008,58.9408],[6.0716,58.9021],[5.9958,58.9716],[6.0333,58.9962],[6.0875,58.9858],[6.0299,59.0212],[5.9516,59.0221],[5.8891,59.0841],[5.9783,59.122],[6.0301,59.1146],[6.095,59.1387],[6.1941,59.1475],[6.0275,59.1441],[6.1041,59.2166],[6.1783,59.2329],[6.1983,59.2571],[6.31,59.2787],[6.3349,59.2688],[6.3333,59.287],[6.4234,59.3112],[6.5625,59.3191],[6.3816,59.3187],[6.1599,59.2596],[6.1234,59.3037],[6.2517,59.3121],[6.2766,59.2971],[6.2724,59.3158],[6.2924,59.3167],[6.2458,59.3358],[6.2191,59.3908],[6.235,59.3221],[6.1925,59.3167],[6.1999,59.3438],[6.1783,59.3137],[6.1083,59.3204],[6.1033,59.3621],[6.0899,59.3279],[6.0466,59.3262],[6.0224,59.3425],[6.0542,59.3825],[6.1333,59.4012],[6.1362,59.4159],[6.1783,59.4212],[6.2166,59.4454],[6.2108,59.41],[6.27,59.5037],[6.4617,59.5471],[6.5974,59.5592],[6.4433,59.5554],[6.2733,59.5154],[6.3325,59.5816],[6.3325,59.6258],[6.3674,59.6417],[6.3183,59.6387],[6.2941,59.6166],[6.3125,59.5742],[6.2092,59.5016],[6.2158,59.4717],[6.12,59.4062],[6.0817,59.4112],[6.0467,59.3962],[6.0116,59.4071],[6.0224,59.3808],[5.9767,59.3521],[5.9408,59.3608],[5.9124,59.4475],[6.0133,59.4454],[6.1975,59.4817],[5.905,59.4729],[5.85,59.5404],[5.8142,59.5175],[5.8524,59.4617],[5.7666,59.4346],[5.7349,59.4738],[5.7508,59.4292],[5.6674,59.3908],[5.8416,59.4354],[5.8958,59.3791],[5.8891,59.35],[5.825,59.3288],[5.7982,59.3454],[5.79,59.3229],[5.7416,59.3412],[5.7508,59.3283],[5.6691,59.2941],[5.6758,59.2642],[5.6483,59.2588],[5.6424,59.32],[5.6841,59.33],[5.6275,59.3925],[5.6292,59.5008],[5.5708,59.4949],[5.5249,59.4437],[5.4658,59.4558],[5.4641,59.4316],[5.515,59.4279],[5.5833,59.4746],[5.6124,59.445],[5.6174,59.4058],[5.5825,59.4066],[5.6241,59.395],[5.6142,59.3284],[5.5575,59.2725],[5.49,59.2704],[5.4641,59.2825],[5.4557,59.3192],[5.4874,59.3266],[5.4557,59.3283],[5.475,59.3937],[5.4425,59.3366],[5.4591,59.2941],[5.3991,59.2991],[5.3816,59.4204],[5.3641,59.29],[5.3824,59.2858],[5.3533,59.2671],[5.3341,59.315],[5.3625,59.3291],[5.3208,59.3366],[5.2358,59.4333],[5.2508,59.4666],[5.2274,59.4675],[5.2225,59.5],[5.2533,59.4971],[5.2607,59.5116],[5.2766,59.5096],[5.2791,59.5191],[5.2242,59.5258],[5.3258,59.5991],[5.3158,59.6175],[5.39,59.6504],[5.4375,59.6166],[5.4358,59.6075],[5.4741,59.6216],[5.4124,59.6616],[5.4458,59.6642],[5.4375,59.6866],[5.5233,59.7329],[5.5357,59.5683],[5.5133,59.5454],[5.4974,59.5525],[5.4983,59.5196],[5.4508,59.5408],[5.4599,59.482],[5.4658,59.5091],[5.5066,59.5112],[5.5267,59.5346],[5.5466,59.5245],[5.5608,59.5449],[5.5791,59.5917],[5.5525,59.5983],[5.5525,59.6442],[5.5933,59.6837],[5.7741,59.6458],[5.7874,59.6149],[5.7433,59.5971],[5.81,59.6045],[5.7933,59.6413],[5.9166,59.642],[5.8942,59.6491],[5.9374,59.6716],[5.795,59.6454],[5.7825,59.6816],[5.8591,59.7108],[5.86,59.7279],[5.9374,59.7333],[5.9299,59.7696],[5.9783,59.7346],[5.99,59.7437],[6.0949,59.7362],[6.1441,59.7825],[6.2383,59.8246],[6.3574,59.8525],[6.38,59.8746],[6.34,59.8512],[6.2316,59.8329],[6.1216,59.7804],[6.1016,59.7863],[6.085,59.7596],[6.0283,59.7521],[5.9816,59.7612],[5.9542,59.7867],[5.9883,59.8562],[5.9642,59.8492],[5.9574,59.8099],[5.8833,59.767],[5.7767,59.8287],[5.7199,59.8229],[5.7349,59.8362],[5.6966,59.8304],[5.6724,59.845],[5.7316,59.8596],[5.735,59.8754],[5.7674,59.8708],[5.7658,59.9049],[5.8066,59.9321],[5.9909,59.9533],[6.0125,59.9825],[5.9791,59.9991],[6.0383,60.0696],[6.1149,60.0979],[6.3158,60.1291],[6.2825,60.135],[6.2816,60.1654],[6.2466,60.1304],[6.1383,60.1079],[6.1675,60.1258],[6.0825,60.1933],[6.1199,60.2213],[6.1649,60.2154],[6.1924,60.2283],[6.2041,60.26],[6.2491,60.2766],[6.2208,60.295],[6.3758,60.3433],[6.3549,60.3729],[6.4949,60.3854],[6.5617,60.4388],[6.6708,60.41],[6.5675,60.245],[6.5291,60.0908],[6.5449,60.0721],[6.6175,60.2833],[6.6841,60.3866],[6.7258,60.3808],[6.7091,60.4],[6.8316,60.4746],[6.9949,60.4837],[7.0616,60.4662],[7.1408,60.4975],[7.08,60.4871],[6.9949,60.5046],[6.9124,60.4958],[7.0249,60.5871],[6.9283,60.5287],[6.9208,60.5617],[6.9459,60.5725],[6.9141,60.5658],[6.9208,60.5192],[6.895,60.4904],[6.7666,60.4721],[6.7016,60.4312],[6.635,60.4487],[6.6292,60.4675],[6.7166,60.5221],[6.6066,60.4604],[6.5266,60.4579],[6.3033,60.3929],[6.2633,60.4012],[6.2808,60.3825],[6.2549,60.3721],[6.21,60.3871],[6.205,60.3696],[6.15,60.3738],[6.2241,60.3375],[6.1708,60.3133],[6.1974,60.2808],[6.1549,60.2438],[6.1433,60.2596],[6.0849,60.2529],[6.0175,60.2691],[6.0092,60.2325],[5.9641,60.2133],[5.9559,60.1608],[5.9008,60.1567],[5.9258,60.06],[5.8975,60.0133],[5.8149,59.9796],[5.825,60.0163],[5.7666,59.9762],[5.7608,60.0092],[5.7258,60.0025],[5.705,60.0504],[5.7041,59.9967],[5.6208,59.9391],[5.6674,59.925],[5.6692,59.9041],[5.6416,59.8962],[5.6508,59.9142],[5.6233,59.9071],[5.6083,59.9287],[5.5466,59.8863],[5.5008,59.9741],[5.4733,59.9396],[5.3758,59.99],[5.3916,59.9846],[5.4,60.0021],[5.4133,59.9887],[5.4341,59.9975],[5.4366,59.9829],[5.4549,59.9971],[5.4917,59.9904],[5.4691,60.0433],[5.5034,60.0538],[5.5633,60.0454],[5.5341,60.055],[5.5807,60.0669],[5.5533,60.0679],[5.5567,60.0796],[5.6266,60.0529],[5.6699,60.0796],[5.7116,60.0496],[5.7199,60.0762],[5.7558,60.06],[5.7191,60.1067],[5.7675,60.1267],[5.7192,60.1708],[5.7658,60.1875],[5.705,60.1796],[5.6967,60.1912],[5.6924,60.1591],[5.6466,60.1488],[5.5949,60.1421],[5.5724,60.1567],[5.6024,60.185],[5.5916,60.2054],[5.7475,60.24],[5.66,60.2446],[5.6191,60.2333],[5.6616,60.2829],[5.6016,60.2379],[5.5825,60.2542],[5.6608,60.2975],[5.6541,60.335],[5.6936,60.3612],[5.745,60.3704],[5.7658,60.3908],[5.7233,60.4046],[5.7175,60.3792],[5.66,60.3438],[5.6475,60.3725],[5.6141,60.2867],[5.5642,60.26],[5.5375,60.2008],[5.4625,60.1792],[5.4416,60.1321],[5.425,60.1579],[5.4167,60.1321],[5.3941,60.135],[5.405,60.1537],[5.3791,60.1492],[5.3958,60.1783],[5.3241,60.1891],[5.3533,60.2196],[5.3633,60.2021],[5.3808,60.2125],[5.3599,60.2304],[5.2916,60.2246],[5.2666,60.2029],[5.2441,60.21],[5.3275,60.2683],[5.2982,60.2571],[5.2649,60.2679],[5.2842,60.2591],[5.2699,60.2404],[5.2483,60.2429],[5.2008,60.2858],[5.2116,60.3196],[5.2966,60.3187],[5.3,60.3046],[5.3341,60.3433],[5.2916,60.3196],[5.2567,60.3204],[5.2283,60.3479],[5.1999,60.3279],[5.1692,60.3742],[5.2383,60.3988],[5.3491,60.38],[5.3075,60.3883],[5.3209,60.4108],[5.2758,60.4458],[5.3158,60.4425],[5.2525,60.4783],[5.295,60.5262],[5.3891,60.4975],[5.46,60.4221],[5.4583,60.4538],[5.5299,60.4212],[5.6199,60.4296],[5.6516,60.4604],[5.7358,60.4575],[5.7175,60.5575],[5.7341,60.6566],[5.7625,60.6633],[5.7375,60.6633],[5.7358,60.6916],[5.7991,60.7341],[5.744,60.702],[5.6766,60.7004],[5.6658,60.7191],[5.7292,60.7633],[5.7067,60.7646],[5.6666,60.7271],[5.5966,60.6987],[5.5508,60.6992],[5.5792,60.655],[5.5591,60.6291],[5.4933,60.6312],[5.4366,60.5954],[5.3916,60.6079],[5.4092,60.585],[5.3658,60.5941],[5.3891,60.5691],[5.2766,60.5404],[5.2309,60.5633],[5.2057,60.6217],[5.1124,60.6583],[5.1166,60.6754],[5.1449,60.6754],[5.2674,60.6192],[5.2309,60.6391],[5.2391,60.6608],[5.1059,60.715],[5.1483,60.7088],[5.1317,60.7229],[5.195,60.6954],[5.1592,60.7291],[5.125,60.7363],[5.1392,60.7225],[5.0983,60.7304],[5.0983,60.7154],[5.0483,60.7354],[5.0341,60.7491],[5.0607,60.7608],[5.0367,60.7804],[5.0449,60.7654],[5.0016,60.7796],[5.0374,60.7567],[5.0116,60.7629],[5.0141,60.7416],[4.9933,60.7454],[4.9475,60.8083],[5.0317,60.8179],[5.085,60.7812],[5.1091,60.7841],[5.0824,60.7792],[5.1117,60.7613],[5.1067,60.7804],[5.2433,60.7396],[5.2399,60.7496],[5.265,60.7446],[5.2783,60.7279],[5.3117,60.7312],[5.3508,60.705],[5.3325,60.695],[5.3542,60.6592],[5.3975,60.6408],[5.3649,60.6796],[5.4582,60.6354],[5.3791,60.6841],[5.3883,60.7012],[5.4682,60.6587],[5.4208,60.7016],[5.4525,60.7125],[5.4149,60.7071],[5.4008,60.7342],[5.3774,60.7292],[5.3842,60.7475],[5.3475,60.7433],[5.3484,60.7646],[5.3167,60.7471],[5.2675,60.7692],[5.3299,60.8146],[5.3808,60.8158],[5.3509,60.8416],[5.3749,60.8654],[5.4732,60.8763],[5.5116,60.8546],[5.5333,60.8695],[5.5058,60.8683],[5.4875,60.8883],[5.3516,60.8696],[5.3141,60.8083],[5.2717,60.8229],[5.26,60.7912],[5.2066,60.8446],[5.1983,60.8246],[5.185,60.8462],[5.1467,60.8246],[5.135,60.8363],[5.0983,60.8296],[5.0966,60.8438],[5.0866,60.8321],[5.0275,60.8959],[5.0491,60.9241],[5.0059,60.9367],[5.0058,60.9642],[5.1257,60.9558],[5.1217,60.8754],[5.1291,60.9592],[5.1942,60.9684],[5.1767,60.9971],[5.1516,60.9704],[5.1167,60.9638],[5.0867,60.9821],[5.0849,60.9679],[5.0516,60.9687],[5.0274,61.0116],[5.0509,61.0275],[5.0225,61.0342],[5.0467,61.0612],[5.1433,61.0721],[5.1549,61.0854],[5.1733,61.0712],[5.2066,61.0795],[5.2949,61.0654],[5.3283,61.0312],[5.47,61.0296],[5.4816,60.9862],[5.4824,61.0467],[5.5133,61.0629],[5.5767,61.0663],[5.6133,61.0838],[5.6799,61.0579],[5.6192,61.0833],[5.6733,61.1037],[5.7,61.0904],[5.81,61.1246],[5.8291,61.0992],[5.8066,61.0646],[5.8483,61.0971],[5.8792,61.0941],[5.8558,61.1083],[5.8966,61.1279],[5.9866,61.1279],[6.0434,61.1071],[6.175,61.1179],[6.2199,61.1004],[6.2899,61.0996],[6.3292,61.0741],[6.2733,61.0354],[6.3449,61.0704],[6.4149,61.0696],[6.3891,61.0167],[6.3542,61.01],[6.41,61.0062],[6.4358,61.07],[6.5433,61.1037],[6.5924,61.0917],[6.6466,61.1754],[6.7049,61.1512],[6.8516,61.1471],[6.885,61.0896],[6.9416,61.0762],[6.9583,61.0896],[7.0107,61.0683],[7.0409,60.9983],[6.8707,60.9208],[7.0534,60.9863],[7.1575,60.9392],[7.1234,60.8621],[7.1942,60.9375],[7.0857,60.975],[7.0358,61.0467],[7.0424,61.105],[7.2183,61.1204],[7.2499,61.1488],[7.4766,61.0996],[7.3741,61.1483],[7.5149,61.1937],[7.625,61.1971],[7.6584,61.2246],[7.7125,61.2342],[7.6499,61.2413],[7.6234,61.2137],[7.4199,61.2012],[7.3924,61.2083],[7.3775,61.2683],[7.3108,61.2983],[7.3842,61.3266],[7.4159,61.3808],[7.5924,61.4766],[7.5867,61.4937],[7.4508,61.4367],[7.4374,61.4092],[7.365,61.3788],[7.2874,61.3992],[7.3492,61.3466],[7.2492,61.3008],[7.3308,61.2666],[7.3541,61.1983],[7.3975,61.1825],[7.3283,61.1571],[7.2416,61.1837],[7.245,61.1704],[7.1791,61.1616],[7.1766,61.1429],[7.0416,61.1346],[6.9949,61.1062],[6.9458,61.1133],[6.9292,61.1441],[7.0,61.1529],[7.0467,61.1904],[7.1724,61.2016],[7.1191,61.2117],[7.1666,61.2679],[7.1158,61.2474],[7.1008,61.2158],[7.0274,61.1933],[6.9966,61.1579],[6.915,61.1604],[6.8399,61.1862],[6.7166,61.1813],[6.6832,61.2029],[6.6,61.2062],[6.5891,61.24],[6.6824,61.2816],[6.7441,61.3483],[6.7533,61.4187],[6.7275,61.3533],[6.6574,61.2842],[6.58,61.2521],[6.565,61.2996],[6.5467,61.2713],[6.5041,61.2758],[6.5457,61.2608],[6.5724,61.2125],[6.4874,61.2267],[6.5424,61.21],[6.5491,61.1383],[6.4816,61.1296],[6.4783,61.1146],[6.3684,61.1112],[6.2716,61.1329],[6.2042,61.1658],[6.225,61.1871],[6.185,61.1596],[6.0533,61.1463],[6.0075,61.165],[6.0741,61.1875],[6.0682,61.2179],[6.055,61.1937],[5.9866,61.1704],[5.885,61.1596],[5.8241,61.165],[5.8216,61.2071],[5.8083,61.1612],[5.7333,61.1654],[5.7117,61.1362],[5.6217,61.1496],[5.5733,61.1129],[5.4249,61.0704],[5.3933,61.0696],[5.3475,61.0992],[5.34,61.132],[5.3166,61.1137],[5.2884,61.1079],[5.2716,61.1254],[5.2642,61.1058],[5.2317,61.1046],[5.1974,61.1475],[5.2683,61.1304],[5.2891,61.1375],[5.2149,61.1629],[5.1734,61.1479],[5.0766,61.1679],[5.0891,61.2],[5.16,61.2038],[5.2682,61.1695],[5.2975,61.175],[5.2567,61.1945],[5.3125,61.1866],[5.185,61.2271],[5.0133,61.2204],[5.0284,61.2712],[4.9867,61.2446],[4.9474,61.2475],[4.95,61.2621],[4.9908,61.2566],[4.9808,61.2842],[5.075,61.2946],[5.0391,61.2908],[5.0584,61.3062],[5.11,61.2962],[5.1283,61.3079],[5.1399,61.2921],[5.1416,61.3196],[5.1666,61.3037],[5.2217,61.3063],[5.2016,61.347],[5.2816,61.3504],[5.3333,61.3329],[5.2924,61.3575],[5.3616,61.3529],[5.43,61.3787],[5.5667,61.3637],[5.6741,61.3683],[5.4116,61.3845],[5.1916,61.3579],[5.1733,61.3338],[5.0816,61.3212],[5.0742,61.3391],[5.1107,61.3425],[5.0508,61.3483],[5.0341,61.3933],[5.095,61.4021],[5.1066,61.3788],[5.1058,61.4125],[5.1641,61.4308],[5.015,61.4046],[4.9791,61.4216],[5.0799,61.4521],[5.2349,61.4571],[5.2399,61.4837],[5.3499,61.4621],[5.3807,61.4641],[5.3299,61.4796],[5.415,61.4787],[5.4634,61.4479],[5.5567,61.4421],[5.5892,61.4433],[5.5599,61.4529],[5.6366,61.4554],[5.6933,61.4904],[5.7533,61.4937],[5.8559,61.4558],[5.8076,61.4772],[5.8116,61.4887],[5.7199,61.5113],[5.6283,61.4712],[5.525,61.4546],[5.4458,61.4642],[5.4465,61.4737],[5.4774,61.4675],[5.4882,61.4938],[5.3534,61.4871],[5.1782,61.5137],[5.1766,61.5571],[5.2499,61.5412],[5.2966,61.5412],[5.2783,61.5537],[5.4009,61.5508],[5.1983,61.5829],[5.1816,61.5971],[5.3,61.6087],[5.4008,61.5933],[5.3399,61.5863],[5.3549,61.5737],[5.4566,61.5713],[5.4608,61.5891],[5.3883,61.607],[5.2333,61.6113],[4.9974,61.58],[4.9975,61.5991],[5.0424,61.6041],[5.0166,61.6121],[5.14,61.6037],[5.2883,61.6246],[5.105,61.6387],[4.9925,61.6283],[5.0107,61.6491],[4.9724,61.6716],[4.9691,61.72],[5.0074,61.72],[4.9899,61.7388],[5.0366,61.7596],[5.0866,61.7546],[5.1108,61.7058],[5.1233,61.7446],[5.1684,61.7029],[5.1783,61.7229],[5.2258,61.7266],[5.1508,61.7392],[5.1624,61.7642],[5.2975,61.7725],[5.1666,61.7729],[5.135,61.7571],[5.0891,61.7633],[5.1058,61.7833],[5.1582,61.8087],[5.3117,61.8262],[5.2958,61.8367],[5.3299,61.8479],[5.3858,61.8474],[5.3007,61.8574],[5.3249,61.8838],[5.2734,61.8662],[5.1917,61.8821],[5.3334,61.8929],[5.3266,61.8754],[5.4316,61.9187],[5.545,61.9046],[5.5467,61.8896],[5.615,61.8996],[5.71,61.8854],[5.7824,61.8516],[5.685,61.8404],[5.6467,61.8129],[5.71,61.8379],[5.8632,61.8571],[5.9832,61.8504],[5.9232,61.7379],[6.0233,61.8454],[6.1357,61.7774],[6.1883,61.7662],[6.2141,61.7783],[6.0833,61.8479],[6.1383,61.8304],[6.3033,61.8479],[6.3932,61.8171],[6.4983,61.8054],[6.6108,61.8492],[6.5866,61.8696],[6.755,61.8646],[6.8067,61.8354],[6.8458,61.8708],[6.7116,61.8796],[6.7133,61.9037],[6.6817,61.8854],[6.5716,61.8821],[6.5267,61.8329],[6.455,61.8296],[6.3333,61.8621],[6.1383,61.8463],[6.0633,61.8737],[5.9117,61.8829],[5.8083,61.857],[5.735,61.8954],[5.97,61.8996],[5.9858,61.9108],[5.7916,61.9196],[5.6833,61.9096],[5.4599,61.9262],[5.4532,61.9396],[5.325,61.9096],[5.2233,61.9137],[5.1784,61.8954],[5.1475,61.9117],[5.1867,61.9187],[5.1258,61.9183],[5.1608,61.9825],[5.1974,61.9892],[5.2249,61.9346],[5.2033,61.9804],[5.2533,61.9821],[5.2917,61.9512],[5.3008,61.965],[5.2575,61.9916],[5.3149,61.9779],[5.3433,62.0337],[5.3533,62.0221],[5.4241,62.02],[5.3399,62.0354],[5.3441,62.0591],[5.2433,62.1012],[5.1175,62.0991],[5.1125,62.125],[5.1625,62.1258],[5.1025,62.15],[5.0991,62.1933],[5.2,62.1929],[5.1725,62.1983],[5.1849,62.2154],[5.2275,62.2092],[5.2883,62.1587],[5.2899,62.1721],[5.3308,62.1658],[5.3008,62.15],[5.3175,62.1225],[5.4958,62.0424],[5.4584,62.0046],[5.5275,62.0366],[5.525,62.0771],[5.5917,62.0763],[5.6116,62.0504],[5.6224,62.0667],[5.5649,62.0979],[5.4383,62.1029],[5.4041,62.1283],[5.4375,62.1775],[5.4883,62.2012],[5.5616,62.1679],[5.6432,62.1738],[5.6741,62.1192],[5.7266,62.0887],[5.7509,62.0975],[5.6908,62.1242],[5.6724,62.175],[5.7299,62.1721],[5.85,62.2046],[5.9158,62.19],[5.9492,62.1583],[5.9442,62.1167],[5.8483,62.0062],[5.9675,62.1033],[5.9783,62.1437],[6.0908,62.095],[6.0383,62.0462],[6.0667,62.0662],[6.0832,62.0571],[6.095,62.0737],[6.175,62.0846],[6.2567,62.0687],[6.2817,62.0804],[6.3133,62.0596],[6.31,62.0804],[6.1449,62.0937],[5.9308,62.2225],[5.985,62.2304],[6.0117,62.2012],[6.1183,62.1896],[6.1199,62.202],[6.0141,62.215],[6.0058,62.2375],[5.9609,62.2475],[5.9825,62.27],[6.2233,62.3546],[6.3483,62.3746],[6.4292,62.2908],[6.4291,62.2625],[6.4774,62.2442],[6.4807,62.2058],[6.5808,62.1475],[6.5516,62.1045],[6.6108,62.1433],[6.5558,62.1941],[6.5967,62.2038],[6.6541,62.1941],[6.5933,62.2112],[6.5309,62.2067],[6.4042,62.3575],[6.4275,62.3708],[6.4109,62.3867],[6.4583,62.4012],[6.5534,62.3929],[6.5933,62.3337],[6.5825,62.4016],[6.5474,62.4116],[6.7283,62.4521],[6.75,62.4354],[6.8583,62.4337],[6.9158,62.4116],[6.8924,62.3625],[6.9692,62.2917],[7.0108,62.2833],[7.0209,62.1792],[6.8692,62.0866],[6.9416,62.1071],[7.0183,62.0854],[7.07,62.0879],[7.1284,62.1154],[7.1983,62.0988],[7.15,62.1246],[7.0616,62.0954],[6.9624,62.1158],[7.0391,62.1692],[7.0392,62.2766],[7.1383,62.2804],[7.2316,62.2546],[7.265,62.2854],[7.3233,62.2879],[7.4216,62.2296],[7.4291,62.2525],[7.3366,62.2937],[7.2466,62.2962],[7.1967,62.2829],[6.99,62.3121],[6.9391,62.3633],[6.9383,62.3754],[6.9857,62.3825],[6.9575,62.3874],[6.9441,62.4259],[6.87,62.4604],[6.775,62.4587],[6.8099,62.482],[6.7066,62.4746],[6.7257,62.4892],[6.7017,62.4879],[6.5334,62.4346],[6.3966,62.4179],[6.3983,62.4296],[6.3442,62.4325],[6.3549,62.4588],[6.2533,62.4554],[6.2224,62.465],[6.3549,62.4729],[6.525,62.5088],[6.62,62.4996],[6.6484,62.4837],[6.7225,62.4925],[6.6083,62.5021],[6.6199,62.522],[6.4624,62.5133],[6.5833,62.5312],[6.575,62.5421],[6.2549,62.5295],[6.2874,62.5425],[6.259,62.585],[6.335,62.6137],[6.4417,62.6146],[6.4616,62.5654],[6.4558,62.6125],[6.5716,62.6245],[6.615,62.5587],[6.6258,62.6292],[6.6525,62.6308],[6.6732,62.6029],[6.6651,62.6346],[6.7817,62.6554],[6.8875,62.6091],[6.9149,62.5737],[6.9408,62.6166],[6.9116,62.6479],[7.0799,62.6546],[7.0975,62.6283],[7.0274,62.6166],[7.0958,62.6234],[7.1416,62.5229],[7.1541,62.5691],[7.1274,62.6067],[7.17,62.6312],[7.2333,62.6096],[7.2616,62.6229],[7.2916,62.6079],[7.3616,62.6079],[7.4408,62.5383],[7.5182,62.5437],[7.5583,62.4971],[7.5649,62.5354],[7.7,62.5546],[7.6691,62.5633],[7.6883,62.5704],[7.7841,62.5766],[7.7284,62.5846],[7.5533,62.5537],[7.4624,62.5725],[7.3999,62.6321],[7.4899,62.6396],[7.5059,62.5866],[7.5432,62.5887],[7.5049,62.6637],[7.8316,62.732],[7.9383,62.7229],[7.9533,62.7438],[8.0,62.7332],[8.0,58.1367],[7.9883,58.1429]]]}},{"type":"Feature","properties":{"kind":"land"},"geometry":{"type":"Polygon","coordinates":[[[7.8649,62.7604],[7.5082,62.6871],[7.3457,62.695],[7.4241,62.71],[7.3941,62.7199],[7.415,62.7296],[7.3649,62.7388],[7.7107,62.7883],[7.6582,62.7821],[7.6699,62.7937],[7.2649,62.7429],[6.9817,62.7238],[6.9758,62.7925],[7.0191,62.8141],[6.9967,62.8138],[7.1,62.8312],[7.1175,62.8258],[7.0749,62.8179],[7.1549,62.8196],[7.18,62.8037],[7.2425,62.81],[7.1824,62.8183],[7.2042,62.8341],[7.1584,62.8404],[7.1683,62.8496],[6.9975,62.835],[7.0091,62.8599],[6.9625,62.8791],[6.9791,62.8958],[6.93,62.8887],[6.9592,62.8983],[6.8992,62.9066],[6.9958,62.9416],[6.9833,62.9562],[7.0416,62.9554],[7.055,62.9721],[7.0983,62.9579],[7.0933,62.9863],[7.1533,62.9829],[7.1467,62.9962],[7.3186,63.0],[7.3274,62.995],[7.3208,62.9724],[7.4166,62.9587],[7.4716,62.9012],[7.5932,62.9271],[7.69,62.9704],[7.7783,62.9696],[7.7941,62.9591],[7.69,62.8971],[7.83,62.9487],[7.9733,62.9737],[8.0,62.9709],[8.0,62.7705],[7.8649,62.7604]]]}},{"type":"Feature","properties":{"kind":"land"},"geometry":{"type":"Polygon","coordinates":[[[0.24,50.7321],[-0.1,50.8121],[-0.2783,50.8304],[-0.2509,50.825],[-0.3917,50.8037],[-0.5484,50.8071],[-0.7534,50.7562],[-0.765,50.7704],[-0.7842,50.76],[-0.7543,50.7533],[-0.7933,50.7204],[-0.9175,50.7783],[-0.8817,50.8063],[-0.8284,50.8029],[-0.8133,50.8296],[-0.853,50.807],[-0.8725,50.815],[-0.8608,50.835],[-0.8817,50.8104],[-0.8958,50.8358],[-0.9167,50.8371],[-0.9151,50.8012],[-0.9459,50.8133],[-0.9376,50.8342],[-0.9225,50.8291],[-0.9334,50.8438],[-1.0051,50.8429],[-1.0301,50.8237],[-1.09,50.8271],[-1.1084,50.8438],[-1.1217,50.8329],[-1.1783,50.8438],[-1.1192,50.7941],[-1.1409,50.7833],[-1.1142,50.7892],[-1.1451,50.7713],[-1.3108,50.8383],[-1.3034,50.8796],[-1.3126,50.8475],[-1.33,50.847],[-1.3884,50.8946],[-1.3984,50.8812],[-1.48,50.9162],[-1.3609,50.8416],[-1.3342,50.8416],[-1.3309,50.815],[-1.3092,50.8192],[-1.3433,50.7837],[-1.4117,50.7837],[-1.3976,50.7708],[-1.53,50.7571],[-1.5325,50.7341],[-1.5759,50.7142],[-1.5517,50.7038],[-1.6951,50.7346],[-1.7433,50.7221],[-1.7826,50.7292],[-1.7409,50.72],[-1.75,50.7104],[-1.8834,50.7129],[-1.9516,50.6837],[-1.9359,50.6984],[-1.9591,50.715],[-1.9867,50.7121],[-2.0033,50.7346],[-1.9875,50.7091],[-2.0167,50.7096],[-2.0434,50.7304],[-2.0409,50.7125],[-2.0676,50.7125],[-2.0825,50.6867],[-2.0334,50.7071],[-2.0192,50.7],[-2.045,50.6688],[-2.0167,50.6812],[-2.0017,50.6687],[-1.9817,50.6771],[-1.9767,50.6629],[-1.9492,50.68],[-1.9508,50.6475],[-1.9242,50.6416],[-1.9558,50.6208],[-1.9526,50.5942],[-2.0584,50.5754],[-2.0684,50.5912],[-2.1984,50.6212],[-2.2451,50.6146],[-2.4267,50.6338],[-2.4509,50.6166],[-2.4326,50.5949],[-2.4517,50.5996],[-2.4692,50.5816],[-2.4225,50.5692],[-2.4159,50.5491],[-2.4566,50.5129],[-2.4509,50.5592],[-2.4909,50.5875],[-2.6217,50.6562],[-2.7934,50.7162],[-2.91,50.7321],[-2.9834,50.7029],[-3.0783,50.7012],[-3.0983,50.6821],[-3.2267,50.6771],[-3.36,50.6054],[-3.4275,50.6158],[-3.4192,50.6316],[-3.4767,50.6871],[-3.4425,50.6041],[-3.4258,50.6067],[-3.4967,50.5387],[-3.5843,50.5375],[-3.4975,50.5366],[-3.5142,50.48],[-3.4809,50.46],[-3.5376,50.4575],[-3.5609,50.4241],[-3.545,50.4013],[-3.4826,50.3983],[-3.5192,50.3442],[-3.5559,50.3367],[-3.5877,50.383],[-3.5792,50.39],[-3.6358,50.4025],[-3.66,50.3913],[-3.5942,50.3875],[-3.5642,50.3342],[-3.6409,50.2908],[-3.6592,50.24],[-3.6434,50.2187],[-3.7234,50.1996],[-3.7683,50.2187],[-3.7644,50.2326],[-3.7343,50.2416],[-3.7567,50.2388],[-3.7575,50.25],[-3.7275,50.2658],[-3.7584,50.2529],[-3.7767,50.2787],[-3.7675,50.2616],[-3.7858,50.2525],[-3.7609,50.2375],[-3.79,50.2063],[-3.8183,50.2129],[-3.8725,50.24],[-3.8609,50.2575],[-3.8842,50.275],[-3.8625,50.2875],[-3.8951,50.2787],[-3.9442,50.2941],[-3.9351,50.3287],[-3.9617,50.3013],[-4.0517,50.2921],[-4.0776,50.3041],[-4.055,50.3121],[-4.1226,50.3175],[-4.1342,50.3583],[-4.1125,50.3617],[-4.1833,50.3621],[-4.1876,50.3916],[-4.2142,50.3975],[-4.2283,50.3904],[-4.1942,50.3691],[-4.2358,50.3625],[-4.1959,50.3558],[-4.2084,50.3454],[-4.1766,50.3587],[-4.1659,50.345],[-4.2009,50.3317],[-4.1892,50.3158],[-4.2234,50.3087],[-4.2292,50.33],[-4.3168,50.3596],[-4.4367,50.3587],[-4.475,50.3304],[-4.5367,50.3221],[-4.6334,50.3221],[-4.6334,50.3329],[-4.6734,50.3112],[-4.6983,50.3454],[-4.7567,50.3313],[-4.7542,50.2958],[-4.7858,50.2833],[-4.7709,50.2508],[-4.8009,50.2183],[-4.8651,50.2337],[-4.92,50.1937],[-4.9517,50.2029],[-5.01,50.1362],[-5.0192,50.1483],[-4.9942,50.1592],[-5.0292,50.1533],[-5.0159,50.1858],[-5.0292,50.1808],[-5.0359,50.2],[-5.0058,50.2242],[-5.0158,50.24],[-5.06,50.1904],[-5.0684,50.2046],[-5.1084,50.2054],[-5.0559,50.1875],[-5.0758,50.18],[-5.0459,50.1725],[-5.0541,50.1592],[-5.0959,50.1658],[-5.0409,50.1416],[-5.0775,50.1375],[-5.0984,50.0979],[-5.1383,50.0971],[-5.1384,50.1079],[-5.1617,50.0938],[-5.1633,50.1079],[-5.1617,50.0912],[-5.2092,50.09],[-5.1033,50.0912],[-5.0775,50.0833],[-5.0592,50.0491],[-5.1033,50.0029],[-5.1689,50.0],[-5.2042,49.9571],[-5.2676,49.997],[-5.2658,50.0325],[-5.3142,50.0783],[-5.3934,50.1021],[-5.4317,50.0954],[-5.4901,50.1263],[-5.5475,50.1067],[-5.5342,50.085],[-5.5767,50.0504],[-5.6817,50.0337],[-5.7159,50.0617],[-5.6908,50.0875],[-5.7109,50.1266],[-5.6758,50.1642],[-5.63,50.1671],[-5.6017,50.1921],[-5.5,50.2188],[-5.4758,50.2175],[-5.4366,50.1771],[-5.3976,50.2383],[-5.335,50.2396],[-5.2458,50.2841],[-5.2375,50.3166],[-5.1559,50.3458],[-5.1508,50.4017],[-5.0825,50.4025],[-5.1275,50.4108],[-5.0608,50.4317],[-5.0525,50.4708],[-5.0342,50.4717],[-5.0375,50.5475],[-4.9867,50.5404],[-4.9467,50.5671],[-4.94,50.522],[-4.9184,50.5312],[-4.8426,50.52],[-4.9292,50.5425],[-4.9192,50.575],[-4.9375,50.5867],[-4.885,50.5813],[-4.8733,50.5937],[-4.7976,50.5975],[-4.7675,50.6675],[-4.6842,50.6941],[-4.6559,50.7375],[-4.5642,50.7809],[-4.5508,50.8292],[-4.5709,50.9033],[-4.5275,51.0208],[-4.4651,51.0213],[-4.3434,50.9879],[-4.3042,50.9975],[-4.2267,51.0637],[-4.1908,51.0533],[-4.2001,51.0213],[-4.1707,51.0703],[-4.1167,51.0888],[-4.0676,51.0783],[-4.1251,51.0921],[-4.19,51.0637],[-4.2175,51.0742],[-4.2242,51.115],[-4.2609,51.1408],[-4.2176,51.15],[-4.2309,51.1866],[-4.12,51.2121],[-4.0417,51.2062],[-3.9251,51.2304],[-3.81,51.2312],[-3.785,51.2446],[-3.6234,51.2162],[-3.5383,51.2312],[-3.4433,51.2071],[-3.405,51.1812],[-3.2766,51.1796],[-3.1516,51.2079],[-3.0567,51.2021],[-3.0184,51.2187],[-3.0567,51.1771],[-2.9892,51.22],[-3.0225,51.2658],[-3.0109,51.3166],[-3.0358,51.3267],[-2.9945,51.3175],[-2.9942,51.2991],[-2.9725,51.2933],[-2.9925,51.3],[-2.9942,51.355],[-2.9642,51.3658],[-2.9792,51.3875],[-2.9126,51.395],[-2.7967,51.4854],[-2.7183,51.4996],[-2.6892,51.4858],[-2.7142,51.5041],[-2.6642,51.5725],[-2.5826,51.6275],[-2.5575,51.6658],[-2.4941,51.695],[-2.4792,51.7221],[-2.3841,51.7574],[-2.3875,51.7733],[-2.4475,51.7892],[-2.4342,51.8108],[-2.3734,51.7904],[-2.3476,51.7975],[-2.3651,51.7929],[-2.42,51.8171],[-2.4409,51.8108],[-2.4509,51.7866],[-2.4042,51.7717],[-2.5083,51.7071],[-2.6092,51.6708],[-2.6475,51.6092],[-2.6667,51.6312],[-2.6575,51.6183],[-2.7117,51.5796],[-2.9067,51.5304],[-2.9809,51.5425],[-2.9658,51.5567],[-2.9833,51.5821],[-2.9709,51.5549],[-2.9959,51.5333],[-3.1208,51.4883],[-3.1568,51.4496],[-3.1659,51.4733],[-3.17,51.4037],[-3.26,51.3904],[-3.2533,51.4012],[-3.2783,51.3837],[-3.4034,51.3804],[-3.56,51.3996],[-3.6425,51.4617],[-3.6317,51.4737],[-3.7225,51.4792],[-3.8125,51.5791],[-3.7808,51.5858],[-3.8067,51.5829],[-3.8426,51.6083],[-3.8317,51.6288],[-3.8483,51.6162],[-3.9801,51.6021],[-3.9959,51.5884],[-3.9817,51.5621],[-4.0351,51.5671],[-4.0667,51.5554],[-4.1401,51.5679],[-4.1592,51.5575],[-4.1484,51.5404],[-4.1983,51.5462],[-4.2101,51.5354],[-4.3067,51.5604],[-4.2892,51.5791],[-4.3076,51.61],[-4.2451,51.6479],[-4.2417,51.6254],[-4.1701,51.6229],[-4.0829,51.6584],[-4.1517,51.6529],[-4.2067,51.6829],[-4.2784,51.667],[-4.3309,51.6791],[-4.3776,51.7183],[-4.375,51.7287],[-4.3076,51.7234],[-4.3775,51.745],[-4.3675,51.7866],[-4.335,51.7979],[-4.3709,51.79],[-4.4034,51.7562],[-4.4492,51.78],[-4.4626,51.7658],[-4.4333,51.7379],[-4.6751,51.7271],[-4.7117,51.6504],[-4.7567,51.6521],[-4.7834,51.6329],[-4.8617,51.6446],[-4.8992,51.6259],[-4.8975,51.6091],[-4.9501,51.5954],[-5.06,51.6196],[-5.0658,51.6616],[-5.1258,51.68],[-5.1033,51.6904],[-5.05,51.6754],[-5.035,51.6946],[-4.9384,51.672],[-4.9225,51.6775],[-4.9792,51.6867],[-4.9317,51.7029],[-4.8967,51.6921],[-4.9192,51.6991],[-4.8901,51.7171],[-4.9834,51.6979],[-5.0867,51.7054],[-5.0967,51.7363],[-5.1167,51.7096],[-5.1567,51.7112],[-5.1675,51.7266],[-5.1509,51.7008],[-5.1784,51.6796],[-5.1892,51.7066],[-5.2558,51.7358],[-5.2133,51.7337],[-5.1617,51.7712],[-5.1108,51.7742],[-5.1275,51.8533],[-5.1967,51.8712],[-5.3208,51.8608],[-5.3067,51.9088],[-5.2134,51.9321],[-5.1967,51.9504],[-5.0875,51.9692],[-5.0959,51.995],[-5.0741,52.0058],[-5.0909,52.0175],[-5.0701,52.0321],[-4.9916,52.0262],[-4.9743,52.0116],[-4.9942,52.0025],[-4.9733,51.9962],[-4.9225,52.0116],[-4.91,52.0354],[-4.8867,52.0204],[-4.8283,52.0213],[-4.8475,52.0425],[-4.7759,52.0683],[-4.7316,52.1179],[-4.6876,52.1025],[-4.6817,52.0846],[-4.6867,52.1296],[-4.5734,52.1438],[-4.5218,52.1337],[-4.3767,52.2162],[-4.3267,52.2121],[-4.2042,52.2649],[-4.0909,52.3975],[-4.0559,52.4784],[-4.0592,52.5316],[-4.015,52.5229],[-3.9375,52.5533],[-4.0684,52.5413],[-4.1308,52.6075],[-4.0575,52.7099],[-3.9642,52.7391],[-4.0617,52.7221],[-4.1509,52.8084],[-4.1176,52.83],[-4.1476,52.895],[-4.085,52.9012],[-4.0584,52.9229],[-4.1033,52.9087],[-4.125,52.9271],[-4.1534,52.9046],[-4.2268,52.9179],[-4.3184,52.9088],[-4.3267,52.892],[-4.3951,52.8938],[-4.4792,52.8567],[-4.4691,52.8466],[-4.5058,52.8275],[-4.4875,52.7942],[-4.5301,52.7771],[-4.5392,52.8008],[-4.6001,52.8246],[-4.645,52.7988],[-4.7201,52.8037],[-4.7333,52.7821],[-4.7692,52.795],[-4.7259,52.855],[-4.6709,52.8775],[-4.6509,52.9066],[-4.5667,52.9496],[-4.5618,52.9387],[-4.5233,52.9404],[-4.3542,53.0342],[-4.3509,53.1133],[-4.3217,53.1212],[-4.3176,53.1008],[-4.3159,53.1266],[-4.2158,53.1833],[-4.1992,53.2125],[-4.1283,53.2379],[-4.0384,53.2371],[-3.8533,53.2963],[-3.8159,53.275],[-3.8167,53.2437],[-3.7992,53.2758],[-3.8392,53.2933],[-3.8767,53.3404],[-3.8334,53.3379],[-3.8184,53.3221],[-3.7733,53.3287],[-3.7117,53.2954],[-3.6067,53.2921],[-3.5151,53.3171],[-3.4967,53.3013],[-3.5091,53.3158],[-3.4817,53.3287],[-3.3134,53.3563],[-3.2825,53.3242],[-3.0783,53.2329],[-3.1026,53.2525],[-3.0758,53.2525],[-3.1058,53.2675],[-3.0741,53.2775],[-3.1125,53.2883],[-3.1259,53.3208],[-3.1076,53.3133],[-3.2058,53.3892],[-3.0451,53.4421],[-2.9541,53.3267],[-2.8833,53.2929],[-2.8501,53.2904],[-2.8434,53.3071],[-2.79,53.2954],[-2.7542,53.3134],[-2.7609,53.3416],[-2.6809,53.355],[-2.765,53.3471],[-2.79,53.3204],[-2.8901,53.3354],[-2.9825,53.3808],[-3.0676,53.5216],[-3.1076,53.5459],[-3.1008,53.5742],[-2.9809,53.6958],[-2.905,53.7287],[-2.855,53.7321],[-2.8275,53.715],[-2.8542,53.7333],[-2.8333,53.7421],[-2.92,53.7304],[-3.0309,53.7425],[-3.0608,53.7683],[-3.0592,53.8458],[-3.0509,53.9216],[-3.0042,53.9266],[-3.0125,53.9017],[-2.9683,53.8596],[-2.9992,53.9308],[-2.925,53.9529],[-2.885,53.9454],[-2.8892,53.9575],[-2.8508,53.9642],[-2.8808,53.9783],[-2.8566,53.9996],[-2.8342,53.9975],[-2.8359,54.0099],[-2.8668,54.0095],[-2.8817,53.9887],[-2.9259,54.0324],[-2.8793,54.0716],[-2.8193,54.0866],[-2.791,54.1266],[-2.821,54.1324],[-2.8643,54.1799],[-2.7926,54.2241],[-2.7993,54.2399],[-2.8435,54.2037],[-2.9076,54.1882],[-2.9317,54.1479],[-2.9977,54.1524],[-2.9942,54.17],[-3.0326,54.19],[-3.0158,54.2016],[-3.0292,54.2225],[-3.0525,54.2275],[-3.0376,54.2083],[-3.0608,54.1617],[-3.1692,54.0791],[-3.1517,54.0612],[-3.1918,54.1004],[-3.2217,54.0896],[-3.1991,54.1033],[-3.225,54.0912],[-3.2409,54.1008],[-3.2375,54.1516],[-3.2625,54.1592],[-3.2158,54.1775],[-3.1925,54.2266],[-3.2158,54.2525],[-3.2525,54.2225],[-3.2508,54.1899],[-3.3259,54.1891],[-3.4226,54.2791],[-3.4258,54.3317],[-3.4059,54.3467],[-3.4384,54.3637],[-3.4191,54.3483],[-3.4392,54.3425],[-3.6425,54.5083],[-3.5842,54.5649],[-3.5792,54.6458],[-3.5125,54.715],[-3.4391,54.7558],[-3.4426,54.7983],[-3.4041,54.8675],[-3.345,54.8979],[-3.2826,54.8692],[-3.2925,54.8908],[-3.2625,54.8925],[-3.2567,54.9087],[-3.3159,54.9108],[-3.2817,54.9413],[-3.2033,54.9529],[-3.1151,54.9262],[-3.0284,54.9421],[-3.0975,54.9458],[-3.0526,54.9825],[-3.1483,54.9612],[-3.2084,54.9738],[-3.2783,54.9729],[-3.2767,54.9629],[-3.3283,54.9754],[-3.4084,54.9713],[-3.4483,54.9904],[-3.46,54.9704],[-3.5134,54.9612],[-3.5608,54.9725],[-3.5866,55.0079],[-3.5909,54.9308],[-3.5658,54.9041],[-3.5975,54.8716],[-3.7017,54.8829],[-3.7916,54.8496],[-3.8234,54.8879],[-3.8109,54.8416],[-3.8433,54.8621],[-3.8375,54.8433],[-3.8643,54.845],[-3.8275,54.82],[-3.9767,54.7662],[-4.061,54.7775],[-4.0568,54.8404],[-4.0893,54.8141],[-4.0927,54.7658],[-4.1235,54.7879],[-4.1518,54.7771],[-4.221,54.825],[-4.2042,54.8666],[-4.2652,54.8338],[-4.3051,54.8421],[-4.3843,54.8767],[-4.4001,54.9163],[-4.3976,54.8934],[-4.4343,54.8675],[-4.411,54.8258],[-4.341,54.8008],[-4.3468,54.7888],[-4.3676,54.7934],[-4.371,54.7733],[-4.3476,54.71],[-4.3935,54.6754],[-4.5134,54.7088],[-4.5776,54.74],[-4.6018,54.7754],[-4.7117,54.8238],[-4.7834,54.8313],[-4.8142,54.8626],[-4.8567,54.8688],[-4.8601,54.8538],[-4.9376,54.8301],[-4.9592,54.8017],[-4.9043,54.7008],[-4.8643,54.6817],[-4.8826,54.6517],[-4.8567,54.6312],[-4.9676,54.6634],[-4.9576,54.7259],[-4.9943,54.7342],[-5.0125,54.7817],[-5.1458,54.8549],[-5.1875,54.9133],[-5.1708,55.0],[-5.0942,55.015],[-5.0559,54.9667],[-5.0725,54.9642],[-5.0626,54.925],[-5.0284,54.9071],[-5.0,54.9118],[-5.0625,55.0316],[-5.0092,55.0916],[-4.9992,55.1392],[-4.8675,55.2233],[-4.8408,55.2808],[-4.8492,55.3258],[-4.7758,55.3608],[-4.7709,55.4017],[-4.7367,55.4246],[-4.6526,55.4417],[-4.6225,55.495],[-4.6309,55.5175],[-4.6875,55.545],[-4.6608,55.5508],[-4.6975,55.6025],[-4.6859,55.6158],[-4.7151,55.6329],[-4.6984,55.6054],[-4.7534,55.6287],[-4.82,55.6338],[-4.8659,55.6816],[-4.9092,55.6975],[-4.9059,55.7233],[-4.8593,55.7575],[-4.9043,55.8892],[-4.8793,55.9075],[-4.8842,55.9425],[-4.7901,55.9637],[-4.68,55.9346],[-4.4851,55.9254],[-4.4275,55.9033],[-4.48,55.9271],[-4.7017,55.9662],[-4.7042,55.9908],[-4.7909,56.015],[-4.8351,56.0804],[-4.8358,56.0442],[-4.7675,55.9875],[-4.8559,55.9866],[-4.8809,56.0608],[-4.7517,56.2071],[-4.8634,56.1004],[-4.8926,56.1166],[-4.9042,56.1725],[-4.9176,56.1658],[-4.9125,56.115],[-4.8759,56.0925],[-4.9158,56.0525],[-4.8959,55.9866],[-4.9658,55.9925],[-4.9092,55.9633],[-4.9792,55.8617],[-5.0476,55.87],[-5.0692,55.9467],[-5.1251,56.0087],[-5.0759,55.8975],[-5.1134,55.8988],[-5.1908,55.9392],[-5.1934,55.9804],[-5.1959,55.935],[-5.2426,55.8983],[-5.2059,55.8267],[-5.265,55.8512],[-5.3159,55.8516],[-5.3125,55.87],[-5.3542,55.8991],[-5.3326,55.9542],[-5.3459,55.9949],[-5.2076,56.1067],[-5.2042,56.1292],[-5.0842,56.1658],[-5.0626,56.2083],[-4.9883,56.2404],[-5.0484,56.2337],[-5.0576,56.245],[-5.1192,56.17],[-5.2375,56.1283],[-5.315,56.0579],[-5.3359,56.0675],[-5.3392,56.0308],[-5.3833,56.0029],[-5.4084,56.0004],[-5.4425,56.0325],[-5.4509,55.9692],[-5.3959,55.8692],[-5.4142,55.865],[-5.3409,55.8267],[-5.3175,55.7734],[-5.3951,55.7521],[-5.4526,55.7058],[-5.4842,55.6425],[-5.4609,55.575],[-5.4909,55.5784],[-5.4909,55.5292],[-5.5526,55.4342],[-5.6042,55.4258],[-5.5492,55.4159],[-5.5175,55.3642],[-5.6067,55.3054],[-5.6883,55.3063],[-5.76,55.2879],[-5.8059,55.3025],[-5.7992,55.3925],[-5.7192,55.4408],[-5.7209,55.5716],[-5.6825,55.6167],[-5.6791,55.6825],[-5.6359,55.7],[-5.5759,55.7633],[-5.4808,55.805],[-5.4408,55.8558],[-5.5209,55.7966],[-5.6117,55.7596],[-5.6092,55.7917],[-5.6417,55.7854],[-5.6725,55.8058],[-5.6542,55.8658],[-5.5759,55.935],[-5.6817,55.8846],[-5.6842,55.9291],[-5.5675,56.04],[-5.6276,56.0225],[-5.6176,56.01],[-5.6601,55.9829],[-5.6558,55.9966],[-5.6934,55.9304],[-5.7092,55.94],[-5.6825,55.965],[-5.7192,55.9508],[-5.5892,56.0916],[-5.5567,56.0929],[-5.5309,56.0758],[-5.5309,56.1],[-5.5709,56.1125],[-5.5042,56.1875],[-5.6176,56.1317],[-5.5442,56.215],[-5.5692,56.2375],[-5.4858,56.255],[-5.5067,56.2688],[-5.5992,56.2491],[-5.5792,56.3325],[-5.5517,56.3487],[-5.515,56.3421],[-5.4458,56.3625],[-5.4967,56.3613],[-5.5217,56.3454],[-5.5409,56.3575],[-5.5175,56.395],[-5.4742,56.41],[-5.4859,56.4358],[-5.465,56.447],[-5.3517,56.4588],[-5.2851,56.4487],[-5.2662,56.4534],[-5.2483,56.4379],[-5.195,56.4471],[-5.0442,56.565],[-5.0775,56.5616],[-5.2017,56.4529],[-5.23,56.447],[-5.34,56.4704],[-5.4068,56.4571],[-5.4218,56.5062],[-5.4567,56.4745],[-5.4551,56.4871],[-5.4742,56.4808],[-5.4276,56.5292],[-5.4041,56.5342],[-5.4126,56.5225],[-5.3801,56.5096],[-5.2459,56.5516],[-5.3117,56.5496],[-5.365,56.5238],[-5.4159,56.5391],[-5.4109,56.5592],[-5.3709,56.5658],[-5.3892,56.5766],[-5.3625,56.6058],[-5.2975,56.6399],[-5.3276,56.6483],[-5.2251,56.6862],[-5.1517,56.6762],[-5.0042,56.7125],[-5.1601,56.6846],[-5.2467,56.7021],[-5.0892,56.8325],[-5.1784,56.8521],[-5.3367,56.8587],[-5.3167,56.8479],[-5.175,56.8462],[-5.1225,56.8242],[-5.2376,56.7658],[-5.2426,56.7191],[-5.285,56.7004],[-5.3017,56.7112],[-5.4717,56.6145],[-5.5275,56.6158],[-5.4942,56.605],[-5.5475,56.5534],[-5.6867,56.4962],[-5.7001,56.5129],[-5.7568,56.5163],[-5.7725,56.5308],[-5.745,56.5621],[-5.7867,56.5313],[-5.9076,56.5508],[-6.0059,56.62],[-6.0075,56.6492],[-5.9067,56.6571],[-5.8317,56.6212],[-5.8826,56.6517],[-5.75,56.7004],[-5.675,56.6771],[-5.5401,56.6871],[-5.6601,56.6813],[-5.7201,56.7096],[-5.7767,56.7137],[-5.84,56.6737],[-5.9267,56.6754],[-5.94,56.6879],[-5.9767,56.6712],[-6.0584,56.6929],[-6.1868,56.6862],[-6.2292,56.7258],[-6.1859,56.7366],[-6.1883,56.7554],[-5.9833,56.7687],[-5.9617,56.7846],[-5.91,56.7496],[-5.8867,56.7621],[-5.8759,56.7433],[-5.8467,56.7404],[-5.8542,56.7608],[-5.8909,56.7642],[-5.8884,56.7846],[-5.8334,56.7704],[-5.7983,56.7921],[-5.7542,56.7816],[-5.8683,56.8104],[-5.8592,56.8325],[-5.7183,56.8437],[-5.6726,56.875],[-5.7284,56.8504],[-5.7893,56.8592],[-5.7242,56.8842],[-5.7367,56.8946],[-5.8866,56.8737],[-5.9242,56.8891],[-5.89,56.9062],[-5.8508,56.9],[-5.8875,56.9191],[-5.8442,56.9666],[-5.8192,56.9608],[-5.8475,56.9717],[-5.8325,57.0074],[-5.7267,57.0187],[-5.7091,56.9917],[-5.6367,56.9696],[-5.5092,56.9941],[-5.5234,57.0037],[-5.6201,56.9812],[-5.6641,56.9942],[-5.675,57.0329],[-5.7084,57.0404],[-5.7367,57.0287],[-5.7617,57.0513],[-5.7808,57.045],[-5.7943,57.0666],[-5.72,57.1188],[-5.5917,57.1196],[-5.5201,57.0838],[-5.5101,57.0979],[-5.3875,57.1083],[-5.5317,57.1029],[-5.5616,57.1329],[-5.66,57.142],[-5.6925,57.1617],[-5.6258,57.2125],[-5.6525,57.2399],[-5.5983,57.2596],[-5.5217,57.2704],[-5.4317,57.2129],[-5.3925,57.2325],[-5.4551,57.2396],[-5.5151,57.2787],[-5.5933,57.2704],[-5.6451,57.2854],[-5.7325,57.2825],[-5.7275,57.3067],[-5.6741,57.3258],[-5.6851,57.3412],[-5.5334,57.3546],[-5.4576,57.3925],[-5.4442,57.4216],[-5.5483,57.3571],[-5.6342,57.3666],[-5.5959,57.39],[-5.61,57.4154],[-5.7449,57.3504],[-5.7867,57.3462],[-5.8084,57.3746],[-5.8226,57.3641],[-5.8075,57.4391],[-5.8517,57.4412],[-5.8725,57.4708],[-5.8426,57.5758],[-5.81,57.5854],[-5.74,57.5445],[-5.7084,57.5412],[-5.7084,57.5562],[-5.6975,57.5316],[-5.6484,57.5104],[-5.6567,57.542],[-5.6217,57.5221],[-5.6034,57.5363],[-5.5318,57.5304],[-5.5125,57.5408],[-5.5883,57.5563],[-5.6683,57.5454],[-5.7575,57.6242],[-5.8175,57.6392],[-5.785,57.6971],[-5.7334,57.7071],[-5.6817,57.6896],[-5.6742,57.7],[-5.6984,57.7304],[-5.8125,57.7492],[-5.8142,57.855],[-5.7601,57.8704],[-5.6834,57.8679],[-5.6659,57.7991],[-5.6183,57.7679],[-5.5975,57.7725],[-5.6225,57.7899],[-5.5792,57.7909],[-5.5975,57.8009],[-5.5842,57.8375],[-5.6434,57.8554],[-5.6559,57.8758],[-5.6201,57.9246],[-5.5634,57.9179],[-5.5375,57.8675],[-5.4667,57.8521],[-5.4217,57.9088],[-5.3184,57.8637],[-5.22,57.8429],[-5.3384,57.9054],[-5.3942,57.9117],[-5.4026,57.9324],[-5.3583,57.9387],[-5.3284,57.9137],[-5.2417,57.9179],[-5.1284,57.8746],[-5.0725,57.8191],[-5.1009,57.8708],[-5.2242,57.9242],[-5.1776,57.9525],[-5.195,57.9446],[-5.1951,57.9563],[-5.31,57.9779],[-5.3684,58.0312],[-5.4226,58.0324],[-5.4158,58.0525],[-5.4592,58.0758],[-5.4251,58.1062],[-5.3567,58.0587],[-5.34,58.0813],[-5.3033,58.0654],[-5.2709,58.1017],[-5.3043,58.12],[-5.2676,58.1241],[-5.3009,58.1383],[-5.2442,58.1491],[-5.3084,58.1537],[-5.2825,58.1658],[-5.3142,58.1633],[-5.3076,58.1758],[-5.4075,58.2358],[-5.3784,58.2645],[-5.3101,58.2245],[-5.2383,58.2546],[-5.1717,58.2429],[-5.1659,58.26],[-5.1201,58.2704],[-5.06,58.2479],[-5.0184,58.2588],[-4.965,58.2271],[-4.9959,58.2517],[-4.9226,58.2567],[-5.0833,58.2637],[-5.1425,58.2916],[-5.1326,58.3216],[-5.1709,58.3233],[-5.1825,58.3525],[-5.1558,58.3542],[-5.1742,58.3641],[-5.14,58.4137],[-5.0309,58.3808],[-5.0708,58.4033],[-5.0351,58.4113],[-5.1142,58.4141],[-5.0759,58.4174],[-5.1158,58.425],[-5.0784,58.4529],[-5.0317,58.4495],[-4.9909,58.4266],[-5.0167,58.4529],[-5.0751,58.4571],[-5.0576,58.4633],[-5.1259,58.4908],[-5.1158,58.5233],[-5.0309,58.5633],[-5.0034,58.6279],[-4.8292,58.5983],[-4.7959,58.5484],[-4.8326,58.5234],[-4.8117,58.517],[-4.7808,58.5483],[-4.8009,58.5767],[-4.7675,58.58],[-4.7934,58.6021],[-4.7708,58.6059],[-4.7351,58.5679],[-4.6542,58.5525],[-4.7517,58.4479],[-4.6659,58.485],[-4.6476,58.52],[-4.62,58.5262],[-4.6159,58.515],[-4.5801,58.5829],[-4.5051,58.5771],[-4.4533,58.5504],[-4.4367,58.557],[-4.4092,58.5217],[-4.4559,58.4958],[-4.4767,58.4446],[-4.3551,58.5379],[-4.3,58.5446],[-4.2659,58.5358],[-4.2683,58.5196],[-4.24,58.5271],[-4.225,58.5154],[-4.2459,58.535],[-4.2126,58.5333],[-4.2151,58.5521],[-4.1783,58.5437],[-4.1283,58.5704],[-4.0717,58.5537],[-4.0201,58.6037],[-4.0066,58.5679],[-3.9334,58.5745],[-3.91,58.5587],[-3.805,58.5737],[-3.7784,58.5646],[-3.6567,58.622],[-3.5367,58.6237],[-3.5508,58.6075],[-3.5284,58.5996],[-3.4583,58.6129],[-3.3733,58.5945],[-3.3508,58.6183],[-3.4142,58.6416],[-3.375,58.6729],[-3.31,58.6446],[-3.1917,58.6612],[-3.1601,58.6387],[-3.0225,58.6433],[-3.1342,58.505],[-3.115,58.4779],[-3.0491,58.48],[-3.0508,58.45],[-3.0842,58.4416],[-3.0692,58.43],[-3.1093,58.3708],[-3.2076,58.3116],[-3.3733,58.2729],[-3.5125,58.1683],[-3.7984,58.0587],[-3.8475,58.0066],[-3.9801,57.9696],[-4.0051,57.9337],[-4.0309,57.9334],[-4.015,57.9487],[-4.0483,57.9437],[-4.0826,57.9574],[-4.0683,57.937],[-3.9985,57.9255],[-4.0117,57.8612],[-4.0683,57.8679],[-4.1133,57.8488],[-4.1509,57.8567],[-4.1384,57.8712],[-4.1667,57.8588],[-4.2234,57.8737],[-4.285,57.8604],[-4.3559,57.885],[-4.2967,57.8521],[-4.1917,57.8629],[-4.1617,57.8337],[-4.1217,57.8296],[-4.135,57.8446],[-4.0501,57.8154],[-3.965,57.8463],[-3.9191,57.8291],[-3.9467,57.8121],[-3.8717,57.8221],[-3.8117,57.8613],[-3.7726,57.865],[-3.9767,57.6929],[-4.0342,57.6941],[-4.0217,57.7379],[-4.0834,57.7279],[-4.1617,57.6871],[-4.2834,57.6813],[-4.4442,57.5749],[-4.2301,57.6712],[-4.1634,57.6754],[-4.16,57.6579],[-3.9967,57.6804],[-4.1026,57.6058],[-4.0892,57.5742],[-4.1451,57.5746],[-4.1867,57.5454],[-4.2467,57.5496],[-4.1909,57.5366],[-4.2367,57.4996],[-4.3834,57.5112],[-4.4384,57.4862],[-4.4084,57.4971],[-4.3817,57.4812],[-4.29,57.4821],[-4.2217,57.4962],[-4.1833,57.4846],[-4.1492,57.5167],[-4.115,57.5154],[-4.0426,57.5592],[-4.0776,57.5825],[-4.0584,57.5912],[-3.8551,57.5921],[-3.67,57.6621],[-3.6209,57.6583],[-3.6334,57.6312],[-3.5917,57.6312],[-3.5841,57.6441],[-3.6217,57.6646],[-3.5334,57.6629],[-3.4926,57.6825],[-3.495,57.7046],[-3.345,57.7246],[-3.2817,57.7254],[-3.1,57.6687],[-3.0368,57.6654],[-2.8601,57.7071],[-2.7417,57.6829],[-2.7184,57.6921],[-2.5734,57.6837],[-2.5134,57.6654],[-2.3451,57.6712],[-2.2984,57.6962],[-2.1851,57.6721],[-2.1217,57.7012],[-2.0033,57.6996],[-1.9884,57.6804],[-1.9183,57.6754],[-1.8876,57.64],[-1.8192,57.6108],[-1.7992,57.5175],[-1.7641,57.5033],[-1.7875,57.5025],[-1.7926,57.4833],[-1.7676,57.4708],[-1.8326,57.4108],[-1.8592,57.4075],[-1.8559,57.3899],[-1.9834,57.3104],[-1.9942,57.3308],[-1.9908,57.3009],[-2.0858,57.1758],[-2.0492,57.1242],[-2.2058,56.9675],[-2.1975,56.9084],[-2.2308,56.8641],[-2.3225,56.7958],[-2.4375,56.7508],[-2.4533,56.7046],[-2.4809,56.7058],[-2.4784,56.7212],[-2.5167,56.7229],[-2.5267,56.7096],[-2.5391,56.7183],[-2.5167,56.6995],[-2.4359,56.7009],[-2.5026,56.6617],[-2.5076,56.635],[-2.4825,56.62],[-2.5393,56.5666],[-2.7175,56.4949],[-2.7367,56.4621],[-2.7917,56.4796],[-2.9834,56.4504],[-3.0517,56.4571],[-3.2134,56.3754],[-3.2933,56.3562],[-3.3775,56.3808],[-3.3075,56.3541],[-3.3183,56.3471],[-3.2534,56.3512],[-2.9934,56.4204],[-2.9266,56.4512],[-2.8633,56.4387],[-2.8134,56.4463],[-2.8258,56.3767],[-2.9108,56.3533],[-2.8333,56.3537],[-2.8184,56.3662],[-2.7767,56.3321],[-2.6592,56.3175],[-2.5875,56.28],[-2.5959,56.2675],[-2.8117,56.1829],[-2.8684,56.1854],[-2.9016,56.2079],[-2.9684,56.2071],[-3.1509,56.115],[-3.1784,56.0604],[-3.285,56.0546],[-3.3217,56.0337],[-3.3951,56.0271],[-3.3984,56.0071],[-3.575,56.0562],[-3.6018,56.0562],[-3.6034,56.0437],[-3.6884,56.047],[-3.8491,56.1175],[-3.8383,56.0996],[-3.8012,56.0945],[-3.7342,56.0641],[-3.7167,56.0262],[-3.6792,56.0341],[-3.6834,56.0062],[-3.6033,56.0213],[-3.51,55.9987],[-3.3916,55.9904],[-3.3518,56.0021],[-3.3033,55.9779],[-3.1667,55.9821],[-3.1817,55.9929],[-3.0684,55.9462],[-2.915,55.9762],[-2.8926,56.0116],[-2.8525,56.015],[-2.8692,56.0367],[-2.8166,56.0629],[-2.6801,56.0613],[-2.5843,56.0233],[-2.5984,55.9979],[-2.5133,56.0062],[-2.3334,55.9304],[-2.2183,55.9313],[-2.1376,55.9158],[-2.1342,55.8908],[-2.0759,55.8725],[-2.0708,55.8425],[-1.9992,55.785],[-1.9909,55.7683],[-2.0292,55.7683],[-1.8742,55.7],[-1.9175,55.7083],[-1.8334,55.6387],[-1.8051,55.6346],[-1.7875,55.6575],[-1.7475,55.6208],[-1.7825,55.6158],[-1.7684,55.6046],[-1.725,55.6171],[-1.6408,55.5825],[-1.6226,55.5516],[-1.6392,55.5383],[-1.5909,55.4916],[-1.5776,55.4316],[-1.5776,55.4066],[-1.6226,55.3867],[-1.5692,55.3375],[-1.6092,55.3442],[-1.5475,55.3208],[-1.5692,55.2708],[-1.4976,55.185],[-1.5233,55.1604],[-1.5725,55.165],[-1.5226,55.1575],[-1.4808,55.1175],[-1.4975,55.1233],[-1.4942,55.1033],[-1.4125,55.0175],[-1.4443,55.0025],[-1.4133,55.0038],[-1.3559,54.9642],[-1.3675,54.9125],[-1.3008,54.7658],[-1.1758,54.6966],[-1.1959,54.6983],[-1.1975,54.6767],[-1.1592,54.6466],[-1.1992,54.6216],[-1.1667,54.6296],[-1.1592,54.6117],[-1.2126,54.5808],[-1.1509,54.6017],[-1.1366,54.6488],[-1.1217,54.6296],[-0.9884,54.5904],[-0.7734,54.5579],[-0.7417,54.5279],[-0.705,54.5321],[-0.6684,54.5029],[-0.5667,54.4795],[-0.5192,54.4467],[-0.5242,54.4192],[-0.4525,54.38],[-0.3642,54.2458],[-0.2658,54.2184],[-0.2793,54.1899],[-0.2333,54.1621],[-0.0775,54.1199],[-0.1775,54.0916],[-0.2159,54.0258],[-0.1559,53.9025],[0.1342,53.6467],[0.1525,53.6],[0.11,53.5712],[0.1474,53.6067],[0.1083,53.6304],[0.0349,53.6487],[-0.055,53.6279],[-0.1034,53.6337],[-0.265,53.7429],[-0.5467,53.7079],[-0.6301,53.7304],[-0.6984,53.7029],[-0.7808,53.6958],[-0.7008,53.6992],[-0.6925,53.67],[-0.7167,53.6371],[-0.6875,53.6716],[-0.6975,53.6941],[-0.6267,53.7129],[-0.5184,53.6779],[-0.475,53.6971],[-0.2934,53.7137],[-0.2242,53.6508],[-0.0951,53.5804],[-0.0709,53.585],[-0.0934,53.5737],[-0.0618,53.5821],[0.0866,53.4938],[0.1149,53.4904],[0.115,53.5038],[0.1317,53.4837],[0.1483,53.4938],[0.1674,53.4792],[0.3225,53.2716],[0.3575,53.175],[0.3358,53.095],[0.3083,53.0971],[0.1774,53.025],[0.1058,52.975],[0.0758,52.9292],[0.0258,52.9149],[0.0325,52.9033],[-0.0075,52.885],[0.0283,52.897],[0.1416,52.8854],[0.1741,52.8733],[0.2166,52.8162],[0.3216,52.8129],[0.3749,52.7829],[0.3791,52.8149],[0.4458,52.8442],[0.4892,52.9475],[0.545,52.9771],[0.6166,52.9712],[0.695,52.9888],[0.7483,52.9812],[0.7308,52.9741],[0.7517,52.9687],[0.7733,52.9787],[0.855,52.9679],[0.8699,52.9796],[0.9084,52.962],[1.0358,52.9675],[0.9683,52.9687],[0.9833,52.9804],[1.3016,52.9337],[1.4408,52.8791],[1.6942,52.73],[1.7458,52.6325],[1.7358,52.5499],[1.7658,52.4783],[1.7341,52.445],[1.7292,52.39],[1.6358,52.2825],[1.6241,52.1841],[1.5809,52.0849],[1.4708,52.0475],[1.4033,51.9871],[1.3592,52.0091],[1.3925,51.9783],[1.3199,51.9304],[1.2791,51.9908],[1.1683,52.0296],[1.215,51.9946],[1.2691,51.9866],[1.2791,51.9558],[1.1883,51.9538],[1.1633,51.9671],[1.13,51.952],[1.0608,51.95],[1.1217,51.9387],[1.2908,51.9466],[1.2424,51.8842],[1.2008,51.8816],[1.2533,51.8838],[1.2682,51.8671],[1.27,51.8846],[1.2941,51.8708],[1.2359,51.8158],[1.13,51.7737],[1.0434,51.7679],[1.0191,51.8016],[1.0491,51.8008],[1.0025,51.8075],[0.9699,51.8488],[0.9824,51.8166],[0.9649,51.8288],[0.9457,51.8208],[0.9924,51.8058],[0.9266,51.8071],[0.9208,51.7958],[0.9722,51.8049],[1.0042,51.7983],[0.99,51.7846],[0.9283,51.7712],[0.8991,51.7741],[0.9167,51.7929],[0.8933,51.7738],[0.8533,51.7829],[0.9041,51.7683],[0.8525,51.7708],[0.8841,51.7558],[0.8466,51.7354],[0.7933,51.7429],[0.6925,51.7266],[0.7083,51.7179],[0.7233,51.7287],[0.7308,51.7166],[0.7133,51.7154],[0.7692,51.7075],[0.7533,51.6896],[0.795,51.7179],[0.8549,51.7162],[0.8983,51.7438],[0.9374,51.7434],[0.9541,51.6833],[0.9375,51.6325],[0.8601,51.6178],[0.8686,51.6053],[0.9549,51.6179],[0.9325,51.5908],[0.785,51.5196],[0.5717,51.5387],[0.6408,51.5208],[0.4616,51.5046],[0.4358,51.46],[0.4016,51.4521],[0.3433,51.4504],[0.3183,51.4721],[0.2542,51.4659],[0.2833,51.4538],[0.3133,51.4671],[0.335,51.4487],[0.4166,51.4437],[0.4592,51.4541],[0.4816,51.4862],[0.6933,51.4737],[0.7241,51.4566],[0.715,51.4337],[0.63,51.4396],[0.6066,51.4145],[0.5349,51.4121],[0.5241,51.39],[0.5416,51.4096],[0.615,51.3779],[0.635,51.3879],[0.6266,51.3754],[0.645,51.3962],[0.675,51.3762],[0.7,51.3937],[0.6983,51.3795],[0.7192,51.3875],[0.6983,51.4204],[0.7308,51.4225],[0.7208,51.4099],[0.7459,51.3942],[0.726,51.4119],[0.7424,51.4117],[0.75,51.4463],[0.9057,51.4149],[0.9508,51.375],[0.9067,51.3529],[0.7733,51.3662],[0.7525,51.3875],[0.76,51.3596],[0.8666,51.3554],[0.8966,51.3396],[1.0983,51.3721],[1.4266,51.3929],[1.4508,51.3734],[1.4341,51.3383],[1.3683,51.3246],[1.3541,51.3075],[1.3724,51.31],[1.4041,51.2375],[1.3942,51.1533],[1.345,51.1204],[1.3175,51.1208],[1.3317,51.1096],[1.2299,51.0988],[1.1883,51.0754],[1.0391,51.0484],[0.9758,50.995],[0.975,50.9104],[0.7699,50.9337],[0.6666,50.8687],[0.365,50.8145],[0.24,50.7321]]]}},{"type":"Feature","properties":{"kind":"land"},"geometry":{"type":"Polygon","coordinates":[[[-8.0017,51.8579],[-8.0276,51.8467],[-8.0017,51.8254],[-8.13,51.8054],[-8.1767,51.7838],[-8.1834,51.7937],[-8.2567,51.7912],[-8.2692,51.8142],[-8.175,51.8612],[-8.2158,51.8666],[-8.3217,51.8421],[-8.325,51.9096],[-8.3408,51.9092],[-8.3265,51.9046],[-8.3367,51.8862],[-8.3834,51.9062],[-8.4617,51.9004],[-8.3909,51.8908],[-8.4367,51.8796],[-8.3409,51.8758],[-8.3342,51.8483],[-8.3592,51.8383],[-8.3017,51.8346],[-8.3258,51.8191],[-8.2942,51.81],[-8.39,51.8129],[-8.33,51.8013],[-8.2783,51.8096],[-8.2759,51.7975],[-8.3492,51.7642],[-8.3066,51.7713],[-8.2992,51.7558],[-8.3467,51.7146],[-8.3867,51.7137],[-8.4434,51.6854],[-8.4442,51.7074],[-8.4584,51.6971],[-8.4966,51.7179],[-8.4542,51.6941],[-8.4784,51.6746],[-8.4992,51.6758],[-8.5133,51.7046],[-8.535,51.6954],[-8.513,51.6992],[-8.507,51.6879],[-8.5293,51.6858],[-8.5542,51.6441],[-8.5334,51.6062],[-8.585,51.6429],[-8.66,51.6337],[-8.6751,51.6562],[-8.715,51.6387],[-8.6858,51.6358],[-8.7025,51.615],[-8.6808,51.6066],[-8.7134,51.5696],[-8.7517,51.5687],[-8.7617,51.5912],[-8.7783,51.5821],[-8.8517,51.592],[-8.8525,51.6108],[-8.8851,51.6212],[-8.8559,51.6],[-8.8926,51.6025],[-8.8709,51.5766],[-8.92,51.5388],[-8.9417,51.5454],[-8.9567,51.5287],[-8.9575,51.5525],[-9.025,51.5679],[-9.0183,51.5579],[-9.0734,51.5571],[-9.0834,51.5454],[-9.1401,51.5629],[-9.1109,51.5367],[-9.1784,51.5146],[-9.1725,51.5258],[-9.2134,51.4854],[-9.245,51.4804],[-9.24,51.4937],[-9.2734,51.4829],[-9.2692,51.4983],[-9.3083,51.5037],[-9.2942,51.4891],[-9.3483,51.4662],[-9.3942,51.4733],[-9.3608,51.4867],[-9.3242,51.5417],[-9.4167,51.4946],[-9.4158,51.5125],[-9.4358,51.5099],[-9.3992,51.5475],[-9.4334,51.5412],[-9.4584,51.5604],[-9.4375,51.5416],[-9.45,51.5271],[-9.5351,51.5121],[-9.54,51.5279],[-9.55,51.5079],[-9.5884,51.5021],[-9.5883,51.5129],[-9.6142,51.4983],[-9.5875,51.4975],[-9.6233,51.4904],[-9.6667,51.5154],[-9.6642,51.5],[-9.7109,51.4933],[-9.7075,51.4741],[-9.7525,51.4625],[-9.7026,51.4691],[-9.775,51.4446],[-9.7809,51.4725],[-9.8134,51.4471],[-9.8125,51.4725],[-9.8425,51.4816],[-9.7567,51.5221],[-9.6567,51.5404],[-9.6508,51.5642],[-9.5442,51.6158],[-9.7334,51.5579],[-9.8575,51.5408],[-9.7017,51.6146],[-9.4634,51.6804],[-9.4442,51.72],[-9.4626,51.7159],[-9.4584,51.7296],[-9.5067,51.7162],[-9.5534,51.7479],[-9.5508,51.7125],[-9.6284,51.6788],[-9.6801,51.6687],[-9.6717,51.6813],[-9.7183,51.6745],[-9.73,51.6904],[-9.7334,51.6671],[-9.9101,51.6504],[-9.9401,51.6137],[-9.9734,51.6196],[-10.04,51.5879],[-10.0534,51.6012],[-10.1234,51.5996],[-10.1634,51.5796],[-10.1475,51.6041],[-10.1642,51.6116],[-10.0676,51.6241],[-10.0642,51.65],[-10.1092,51.665],[-9.9776,51.685],[-9.9543,51.7133],[-10.0092,51.7158],[-9.9818,51.7346],[-9.8917,51.7629],[-9.8741,51.7575],[-9.8867,51.7412],[-9.8542,51.755],[-9.8484,51.7779],[-9.8483,51.7654],[-9.7968,51.7671],[-9.8292,51.7858],[-9.7793,51.7991],[-9.725,51.8387],[-9.6501,51.8454],[-9.5559,51.8825],[-9.7766,51.8404],[-9.875,51.7946],[-9.8642,51.8133],[-9.9034,51.8113],[-9.9101,51.8329],[-9.9133,51.8037],[-10.0167,51.7696],[-10.0634,51.7687],[-10.1334,51.7363],[-10.1183,51.7629],[-10.1684,51.7596],[-10.2292,51.7775],[-10.1775,51.8025],[-10.2092,51.8408],[-10.1884,51.8546],[-10.25,51.8429],[-10.2775,51.8066],[-10.345,51.7821],[-10.3592,51.7983],[-10.3392,51.8058],[-10.3392,51.8416],[-10.4042,51.8433],[-10.3951,51.8862],[-10.3017,51.8963],[-10.2784,51.9129],[-10.2559,51.9025],[-10.2825,51.93],[-10.2326,51.9483],[-10.28,51.9371],[-10.285,51.9496],[-10.3258,51.9516],[-10.2692,51.965],[-10.26,51.9912],[-10.2184,51.9879],[-10.1351,52.0287],[-10.0,52.0462],[-9.9717,52.0904],[-9.9759,52.0567],[-9.9401,52.0787],[-9.9284,52.0654],[-9.9392,52.0858],[-9.9059,52.1134],[-9.9059,52.1384],[-9.8966,52.1095],[-9.8183,52.132],[-9.7734,52.1246],[-9.8042,52.1417],[-9.7592,52.1566],[-9.8684,52.1579],[-9.97,52.1413],[-9.9401,52.1054],[-9.9917,52.1429],[-10.195,52.1046],[-10.2084,52.1329],[-10.2234,52.1154],[-10.2517,52.1146],[-10.2883,52.1379],[-10.3159,52.1275],[-10.2684,52.1113],[-10.3283,52.1104],[-10.365,52.1296],[-10.3809,52.1183],[-10.3501,52.1046],[-10.4567,52.0929],[-10.4826,52.1075],[-10.4642,52.1217],[-10.4842,52.1475],[-10.4442,52.1717],[-10.4776,52.1783],[-10.4117,52.2071],[-10.4192,52.1833],[-10.3775,52.1716],[-10.3634,52.2354],[-10.3117,52.2388],[-10.2967,52.2571],[-10.2134,52.2712],[-10.1817,52.2912],[-10.1575,52.2875],[-10.1492,52.26],[-10.1833,52.2304],[-10.0883,52.2471],[-10.0376,52.2825],[-10.0609,52.3091],[-10.03,52.3029],[-10.0201,52.3137],[-10.0258,52.2675],[-9.9583,52.232],[-9.8684,52.2354],[-9.8234,52.2612],[-9.8409,52.2491],[-9.8267,52.2429],[-9.7243,52.2575],[-9.7784,52.2737],[-9.8792,52.2742],[-9.8893,52.3017],[-9.8658,52.295],[-9.8717,52.2804],[-9.8359,52.3008],[-9.8742,52.3025],[-9.8292,52.3133],[-9.8384,52.3237],[-9.8526,52.3108],[-9.8342,52.3808],[-9.9417,52.4021],[-9.9492,52.4183],[-9.9134,52.4321],[-9.8301,52.4329],[-9.7117,52.4813],[-9.635,52.4695],[-9.655,52.4896],[-9.6909,52.4858],[-9.6825,52.5466],[-9.6234,52.5812],[-9.5,52.5704],[-9.4709,52.56],[-9.4809,52.5666],[-9.4351,52.5846],[-9.3633,52.5904],[-9.3734,52.5729],[-9.2966,52.5712],[-9.125,52.6146],[-9.09,52.6154],[-9.0583,52.5954],[-9.0858,52.6158],[-9.065,52.6363],[-9.0583,52.6137],[-9.0251,52.6288],[-8.9817,52.6096],[-8.9984,52.6371],[-8.955,52.6596],[-8.8167,52.6687],[-8.7867,52.6404],[-8.8009,52.6599],[-8.75,52.6729],[-8.6976,52.6533],[-8.71,52.6729],[-8.79,52.6771],[-8.8083,52.6921],[-8.8367,52.6846],[-8.8834,52.6979],[-8.9134,52.6804],[-8.9233,52.6904],[-8.9675,52.6842],[-8.9659,52.7008],[-8.9325,52.7117],[-8.9575,52.7291],[-8.9408,52.7375],[-8.9792,52.7533],[-8.9459,52.7708],[-8.955,52.7879],[-8.9651,52.7671],[-9.0542,52.7425],[-9.0358,52.745],[-9.0325,52.7308],[-9.0776,52.6717],[-9.1059,52.6675],[-9.1667,52.6162],[-9.2533,52.6187],[-9.2642,52.5983],[-9.3116,52.5862],[-9.3409,52.5991],[-9.2717,52.6387],[-9.415,52.6021],[-9.4783,52.6154],[-9.4917,52.6346],[-9.5325,52.6308],[-9.5434,52.6662],[-9.5917,52.6671],[-9.5476,52.64],[-9.6034,52.6179],[-9.7017,52.6121],[-9.6984,52.5813],[-9.7418,52.5863],[-9.8084,52.5637],[-9.9409,52.5575],[-9.88,52.5896],[-9.8092,52.6041],[-9.6951,52.6738],[-9.6533,52.6787],[-9.6625,52.6925],[-9.6192,52.7158],[-9.6358,52.7275],[-9.61,52.7438],[-9.5517,52.7512],[-9.5267,52.7329],[-9.5308,52.745],[-9.4959,52.7533],[-9.5025,52.7709],[-9.4759,52.7792],[-9.4942,52.8091],[-9.4342,52.8341],[-9.4509,52.8483],[-9.4359,52.8808],[-9.3558,52.9167],[-9.3626,52.9416],[-9.4034,52.9313],[-9.4734,52.9304],[-9.4792,52.9408],[-9.4326,52.9674],[-9.3975,53.005],[-9.4076,53.02],[-9.3609,53.0716],[-9.3125,53.0908],[-9.2708,53.1508],[-9.17,53.1337],[-9.1808,53.1266],[-9.1517,53.1162],[-9.0967,53.1404],[-9.0734,53.1204],[-9.0934,53.1445],[-9.1375,53.1483],[-9.0567,53.1562],[-9.0084,53.1387],[-9.0,53.1537],[-9.0575,53.1633],[-8.9684,53.1746],[-8.9859,53.1608],[-8.93,53.1387],[-8.9542,53.17],[-8.9309,53.195],[-8.9542,53.19],[-8.8792,53.2083],[-8.9109,53.21],[-8.8883,53.2287],[-8.9283,53.2095],[-8.9825,53.2083],[-8.9701,53.2012],[-9.0158,53.2116],[-8.9767,53.2121],[-8.9942,53.2167],[-8.98,53.2221],[-9.0484,53.2154],[-8.9501,53.2337],[-9.0058,53.23],[-8.9608,53.2408],[-8.9909,53.245],[-8.9325,53.2675],[-8.9933,53.2596],[-9.0434,53.2654],[-9.035,53.2771],[-9.1117,53.2462],[-9.115,53.2562],[-9.17,53.2429],[-9.3666,53.2404],[-9.5283,53.2196],[-9.5576,53.2358],[-9.5509,53.26],[-9.5617,53.2496],[-9.5725,53.2634],[-9.5442,53.2791],[-9.56,53.2871],[-9.5875,53.2366],[-9.6168,53.2304],[-9.6342,53.2508],[-9.6008,53.2891],[-9.6258,53.3242],[-9.5801,53.3171],[-9.5717,53.3446],[-9.5575,53.3124],[-9.5508,53.3417],[-9.6008,53.3574],[-9.5616,53.3812],[-9.6126,53.3783],[-9.5975,53.335],[-9.6317,53.3287],[-9.6675,53.3375],[-9.6276,53.3458],[-9.6509,53.3525],[-9.6275,53.3734],[-9.6501,53.3696],[-9.6376,53.3841],[-9.6567,53.3846],[-9.7142,53.3558],[-9.6992,53.3508],[-9.7325,53.3075],[-9.7783,53.2912],[-9.8167,53.3196],[-9.825,53.3071],[-9.8684,53.3296],[-9.8716,53.3112],[-9.9092,53.3242],[-9.8792,53.3508],[-9.8942,53.3658],[-9.7909,53.3867],[-9.7892,53.405],[-9.8241,53.4042],[-9.805,53.4154],[-9.8841,53.3908],[-9.8909,53.4116],[-9.8417,53.4271],[-9.87,53.4321],[-9.8866,53.4146],[-9.9059,53.4225],[-9.9209,53.3858],[-9.9567,53.3804],[-9.9584,53.3671],[-9.9717,53.3821],[-10.0334,53.3837],[-10.0392,53.4066],[-10.0767,53.422],[-10.1217,53.4004],[-10.1534,53.4204],[-10.1841,53.4083],[-10.1334,53.4579],[-10.09,53.4371],[-10.0392,53.4608],[-10.0925,53.4666],[-10.085,53.4896],[-10.0475,53.4783],[-10.0267,53.4879],[-10.1426,53.5108],[-10.1076,53.5125],[-10.1384,53.5221],[-10.0458,53.51],[-10.1367,53.5229],[-10.15,53.5421],[-10.2025,53.545],[-10.1917,53.5571],[-10.1584,53.5537],[-10.1517,53.5662],[-10.09,53.5537],[-10.1326,53.5742],[-10.1034,53.5771],[-10.015,53.5671],[-10.0034,53.5446],[-9.9609,53.5533],[-10.0042,53.5575],[-9.9692,53.5708],[-10.025,53.5762],[-10.0518,53.6104],[-9.9367,53.5979],[-9.9034,53.6146],[-9.8525,53.61],[-9.8817,53.6246],[-9.79,53.5938],[-9.7001,53.5946],[-9.6742,53.6083],[-9.79,53.6021],[-9.9158,53.6525],[-9.9076,53.7634],[-9.7817,53.7821],[-9.72,53.7754],[-9.66,53.7954],[-9.6601,53.7812],[-9.6184,53.7779],[-9.5509,53.8008],[-9.6001,53.8021],[-9.6309,53.8225],[-9.6009,53.8333],[-9.6225,53.8325],[-9.6167,53.8463],[-9.5692,53.8467],[-9.5942,53.8591],[-9.5592,53.8575],[-9.6059,53.8658],[-9.5559,53.875],[-9.5942,53.8775],[-9.5575,53.8892],[-9.5767,53.9012],[-9.59,53.8879],[-9.6551,53.8862],[-9.6584,53.8987],[-9.7484,53.9004],[-9.7484,53.8904],[-9.7867,53.9037],[-9.8617,53.8662],[-9.9476,53.8708],[-9.9042,53.9325],[-9.9225,53.9317],[-9.91,53.9562],[-9.8051,53.9496],[-9.8176,53.9275],[-9.7992,53.9125],[-9.8059,53.9708],[-9.8292,53.9658],[-9.8257,53.9534],[-9.8542,53.9641],[-9.8526,53.9933],[-9.8308,53.9891],[-9.9,54.0212],[-9.9009,54.0075],[-9.9142,54.0333],[-9.8975,54.0625],[-9.8734,54.0521],[-9.8475,54.0666],[-9.8825,54.0692],[-9.8442,54.09],[-9.8675,54.1025],[-9.8326,54.105],[-9.8375,54.1183],[-9.845,54.1062],[-9.8825,54.1108],[-9.9034,54.0662],[-9.9792,54.0591],[-9.9967,54.1004],[-9.9058,54.115],[-9.9675,54.14],[-9.9617,54.1521],[-9.9291,54.15],[-9.9925,54.1775],[-9.9584,54.1704],[-9.9259,54.1908],[-9.9584,54.1904],[-10.0016,54.2229],[-10.0309,54.2116],[-10.0142,54.1791],[-10.055,54.1871],[-10.0442,54.1675],[-10.0975,54.155],[-10.0609,54.1434],[-10.0975,54.1133],[-10.0676,54.0941],[-10.0884,54.0829],[-10.1283,54.0896],[-10.1325,54.1258],[-10.0925,54.1766],[-10.1042,54.195],[-10.0626,54.2216],[-10.1142,54.2408],[-10.0725,54.2317],[-10.1009,54.2433],[-10.0892,54.2675],[-10.0084,54.3029],[-9.9634,54.2687],[-9.9342,54.2675],[-9.9401,54.2462],[-9.93,54.2712],[-9.9201,54.2596],[-9.8925,54.265],[-9.9209,54.225],[-9.9517,54.2171],[-9.9892,54.2467],[-9.9667,54.2121],[-9.8834,54.2146],[-9.8901,54.2312],[-9.8542,54.2208],[-9.8876,54.2558],[-9.8467,54.2779],[-9.82,54.2804],[-9.7567,54.2496],[-9.7442,54.255],[-9.8067,54.2756],[-9.81,54.2912],[-9.7709,54.2808],[-9.795,54.2937],[-9.8692,54.3008],[-9.8617,54.3221],[-9.7851,54.3404],[-9.7884,54.3287],[-9.7601,54.3354],[-9.6684,54.3112],[-9.6316,54.3238],[-9.56,54.3096],[-9.5034,54.3171],[-9.4051,54.3071],[-9.3867,54.2921],[-9.3516,54.3254],[-9.2718,54.3079],[-9.2609,54.27],[-9.2233,54.2854],[-9.2126,54.2775],[-9.2209,54.2466],[-9.2709,54.2242],[-9.1992,54.2425],[-9.2292,54.2141],[-9.1625,54.1966],[-9.1451,54.1371],[-9.1192,54.1967],[-9.1426,54.2017],[-9.1008,54.2108],[-9.0584,54.2912],[-8.9367,54.2896],[-8.8367,54.2504],[-8.7651,54.277],[-8.7334,54.2604],[-8.6634,54.2679],[-8.5884,54.2045],[-8.5817,54.2146],[-8.5184,54.2112],[-8.5784,54.2287],[-8.61,54.2571],[-8.6326,54.2525],[-8.6184,54.2812],[-8.4826,54.2741],[-8.525,54.2979],[-8.5809,54.3016],[-8.5784,54.3346],[-8.535,54.312],[-8.5108,54.3249],[-8.6001,54.3387],[-8.6517,54.3178],[-8.6842,54.3574],[-8.5784,54.3871],[-8.5734,54.4071],[-8.5126,54.4208],[-8.5676,54.3983],[-8.5501,54.3895],[-8.4942,54.4166],[-8.4717,54.4679],[-8.4333,54.4512],[-8.2901,54.4746],[-8.2634,54.5062],[-8.2041,54.4975],[-8.2759,54.5225],[-8.2176,54.5458],[-8.2292,54.5691],[-8.1725,54.5933],[-8.1759,54.6199],[-8.1409,54.6025],[-8.1208,54.6291],[-8.1508,54.6283],[-8.1159,54.6491],[-8.1683,54.6254],[-8.1734,54.6437],[-8.3033,54.5979],[-8.2792,54.6324],[-8.295,54.6429],[-8.4684,54.5645],[-8.4542,54.5849],[-8.3842,54.6091],[-8.3934,54.632],[-8.4434,54.6104],[-8.4317,54.6454],[-8.4817,54.6004],[-8.4818,54.6329],[-8.5951,54.6029],[-8.6484,54.6429],[-8.6359,54.6183],[-8.6867,54.6162],[-8.7,54.6387],[-8.7992,54.6574],[-8.7892,54.6866],[-8.8109,54.6991],[-8.7418,54.7087],[-8.7526,54.7358],[-8.6518,54.7703],[-8.4409,54.7541],[-8.5576,54.7816],[-8.4867,54.7887],[-8.4417,54.762],[-8.4209,54.7708],[-8.5693,54.8258],[-8.5168,54.8271],[-8.4966,54.8462],[-8.4534,54.8371],[-8.4051,54.8504],[-8.3417,54.8321],[-8.3242,54.8408],[-8.3851,54.8479],[-8.3959,54.8758],[-8.3266,54.8712],[-8.3159,54.8858],[-8.3475,54.8883],[-8.35,54.9054],[-8.3875,54.9016],[-8.3884,54.8796],[-8.4626,54.9091],[-8.4601,54.9429],[-8.4384,54.9329],[-8.3709,54.9466],[-8.4209,54.9574],[-8.4525,55.0041],[-8.4033,55.0037],[-8.4009,55.0408],[-8.3533,55.0387],[-8.3334,55.0654],[-8.3317,55.0196],[-8.3251,55.0429],[-8.2759,55.0358],[-8.3259,55.0484],[-8.3058,55.0558],[-8.3292,55.0875],[-8.2958,55.0833],[-8.3209,55.1125],[-8.2893,55.1567],[-8.1684,55.1446],[-8.1741,55.1416],[-8.1416,55.1196],[-8.1242,55.1575],[-8.0226,55.1758],[-8.0209,55.2117],[-7.9851,55.2262],[-7.9409,55.2083],[-7.9842,55.1841],[-7.9334,55.1787],[-7.9068,55.1912],[-7.8809,55.1716],[-7.9142,55.1541],[-7.8542,55.1633],[-7.9059,55.1324],[-7.8767,55.1437],[-7.8567,55.127],[-7.8276,55.18],[-7.8725,55.1983],[-7.8693,55.2283],[-7.8234,55.2246],[-7.7901,55.2554],[-7.8193,55.1975],[-7.8076,55.1775],[-7.7667,55.187],[-7.7142,55.1658],[-7.6909,55.1433],[-7.7142,55.1008],[-7.6968,55.0987],[-7.6692,55.1583],[-7.7176,55.1917],[-7.7059,55.2233],[-7.7259,55.2166],[-7.7134,55.1679],[-7.7526,55.1891],[-7.7376,55.1933],[-7.7718,55.1887],[-7.8009,55.2133],[-7.7559,55.2366],[-7.7618,55.2562],[-7.7117,55.2471],[-7.6968,55.2637],[-7.6343,55.2766],[-7.6042,55.2333],[-7.6243,55.1999],[-7.5726,55.18],[-7.5209,55.1241],[-7.5343,55.0933],[-7.6426,55.045],[-7.5768,55.0546],[-7.5592,55.0358],[-7.6426,54.9966],[-7.6876,54.9499],[-7.6401,54.972],[-7.6442,54.9575],[-7.6301,54.9621],[-7.5967,54.9971],[-7.4743,55.0466],[-7.5292,55.0575],[-7.5209,55.0833],[-7.4576,55.0641],[-7.4843,55.0875],[-7.4642,55.1366],[-7.5592,55.1966],[-7.5209,55.2391],[-7.5276,55.2858],[-7.4751,55.2812],[-7.4684,55.2962],[-7.435,55.2795],[-7.3634,55.3179],[-7.3076,55.2941],[-7.3484,55.2837],[-7.2542,55.2791],[-7.3359,55.3124],[-7.3509,55.3574],[-7.4025,55.375],[-7.3884,55.3812],[-7.1918,55.3462],[-7.1601,55.2929],[-6.9225,55.2366],[-6.9551,55.2079],[-7.1592,55.1466],[-7.315,55.0062],[-7.2567,55.0437],[-7.2367,55.0404],[-7.2268,55.0604],[-7.1484,55.0579],[-7.1318,55.0421],[-7.0443,55.0525],[-7.0143,55.0767],[-7.0192,55.1025],[-6.9775,55.105],[-6.9991,55.1108],[-6.9667,55.1946],[-6.8901,55.1687],[-6.75,55.1604],[-6.7692,55.1666],[-6.6617,55.2004],[-6.6667,55.2129],[-6.5467,55.2171],[-6.4834,55.2521],[-6.4084,55.2321],[-6.3667,55.2462],[-6.2333,55.2046],[-6.1417,55.2279],[-6.0625,55.1992],[-6.0259,55.1633],[-6.0558,55.0616],[-5.9608,55.0491],[-5.9875,54.9816],[-5.9175,54.9608],[-5.7976,54.8508],[-5.8075,54.8258],[-5.7492,54.8158],[-5.7251,54.7729],[-5.7342,54.8083],[-5.7926,54.8499],[-5.7251,54.8463],[-5.6909,54.8066],[-5.7076,54.7458],[-5.8892,54.6758],[-5.9125,54.625],[-5.8859,54.6308],[-5.9091,54.6133],[-5.7401,54.6762],[-5.6701,54.6637],[-5.63,54.6796],[-5.5817,54.6762],[-5.5293,54.6417],[-5.5225,54.6016],[-5.4743,54.5625],[-5.4625,54.4975],[-5.4309,54.4841],[-5.4375,54.4541],[-5.4758,54.4284],[-5.4593,54.3816],[-5.4876,54.375],[-5.5051,54.3296],[-5.5808,54.3975],[-5.5775,54.4199],[-5.5342,54.4308],[-5.5375,54.4591],[-5.5592,54.4558],[-5.5308,54.4692],[-5.5609,54.53],[-5.5851,54.522],[-5.5975,54.5466],[-5.6825,54.5808],[-5.6942,54.545],[-5.7208,54.5375],[-5.6291,54.5133],[-5.6434,54.4979],[-5.6175,54.505],[-5.6417,54.4938],[-5.65,54.5112],[-5.6742,54.5075],[-5.6709,54.4917],[-5.6375,54.4866],[-5.6425,54.4509],[-5.6242,54.455],[-5.6408,54.3966],[-5.6826,54.37],[-5.6517,54.3637],[-5.5717,54.3812],[-5.5241,54.3092],[-5.6117,54.2446],[-5.6409,54.2567],[-5.6617,54.2221],[-5.6884,54.2479],[-5.82,54.2404],[-5.8358,54.2533],[-5.8176,54.2567],[-5.8209,54.28],[-5.8492,54.2508],[-5.8292,54.2399],[-5.8875,54.2058],[-5.8691,54.17],[-5.8942,54.1033],[-6.0601,54.0229],[-6.1092,54.04],[-6.0776,54.05],[-6.0968,54.0629],[-6.1667,54.0662],[-6.2,54.0962],[-6.2784,54.1079],[-6.1834,54.042],[-6.1309,54.0341],[-6.1025,53.9975],[-6.1384,53.9779],[-6.2367,53.9829],[-6.315,54.0121],[-6.3534,54.0104],[-6.3684,54.0296],[-6.3609,54.0133],[-6.3992,54.0133],[-6.3392,53.9967],[-6.3776,53.9517],[-6.3659,53.8975],[-6.3333,53.8763],[-6.2376,53.86],[-6.2591,53.805],[-6.2159,53.7942],[-6.2476,53.7583],[-6.2442,53.72],[-6.2734,53.7346],[-6.3392,53.7141],[-6.2572,53.7257],[-6.2142,53.6325],[-6.1451,53.5846],[-6.0975,53.5825],[-6.0791,53.5525],[-6.0775,53.5167],[-6.1709,53.4992],[-6.1251,53.4971],[-6.1236,53.5062],[-6.0959,53.49],[-6.1293,53.4566],[-6.1492,53.4533],[-6.1342,53.4667],[-6.1517,53.4729],[-6.2042,53.4625],[-6.1209,53.4408],[-6.1142,53.3991],[-6.1383,53.4171],[-6.1326,53.4033],[-6.0459,53.3817],[-6.0525,53.3592],[-6.0834,53.3587],[-6.1267,53.3854],[-6.1817,53.3571],[-6.2326,53.3566],[-6.2026,53.35],[-6.2251,53.3429],[-6.1759,53.3391],[-6.19,53.3271],[-6.2142,53.3367],[-6.2041,53.3142],[-6.0909,53.2708],[-6.1109,53.2574],[-6.1075,53.2217],[-6.0375,53.1042],[-6.0492,52.9966],[-5.9942,52.9675],[-6.0592,52.8834],[-6.0575,52.8592],[-6.1026,52.8417],[-6.1425,52.7992],[-6.1408,52.7358],[-6.2259,52.6491],[-6.1942,52.5625],[-6.3542,52.4092],[-6.3559,52.3467],[-6.425,52.3646],[-6.4566,52.3438],[-6.4684,52.3779],[-6.5075,52.3542],[-6.4476,52.33],[-6.4317,52.2771],[-6.4292,52.3041],[-6.4017,52.2879],[-6.3658,52.3341],[-6.3858,52.27],[-6.3142,52.2408],[-6.3617,52.1712],[-6.4951,52.1887],[-6.4392,52.1975],[-6.4851,52.2113],[-6.4884,52.1929],[-6.5901,52.1687],[-6.6367,52.1979],[-6.7004,52.2134],[-6.6333,52.2021],[-6.6517,52.2221],[-6.7909,52.2033],[-6.8092,52.2192],[-6.7909,52.2133],[-6.7559,52.2475],[-6.7633,52.2637],[-6.78,52.2429],[-6.8375,52.2325],[-6.8492,52.2066],[-6.8092,52.2116],[-6.8375,52.1892],[-6.8209,52.1908],[-6.8241,52.1733],[-6.8784,52.1613],[-6.9267,52.1221],[-6.9026,52.155],[-6.9059,52.1992],[-6.9683,52.2412],[-6.9842,52.1883],[-6.9508,52.1767],[-7.025,52.1312],[-7.1084,52.1262],[-7.0709,52.1683],[-7.1234,52.1687],[-7.0909,52.15],[-7.1484,52.1579],[-7.1717,52.1362],[-7.2184,52.1296],[-7.2967,52.1396],[-7.43,52.1296],[-7.5383,52.0988],[-7.555,52.0762],[-7.5867,52.1054],[-7.6133,52.0871],[-7.6434,52.1054],[-7.6192,52.09],[-7.6425,52.0608],[-7.6092,52.0641],[-7.61,52.0829],[-7.5901,52.0521],[-7.5392,52.0533],[-7.5759,52.0341],[-7.5875,51.9933],[-7.7051,51.9721],[-7.7275,51.955],[-7.7142,51.9417],[-7.7367,51.9379],[-7.7784,51.9512],[-7.8334,51.9395],[-7.8409,51.9567],[-7.8209,51.9675],[-7.8867,51.9929],[-7.8459,51.9425],[-7.8883,51.9104],[-7.9117,51.9187],[-7.9359,51.9058],[-7.9084,51.9087],[-7.8692,51.8816],[-8.0017,51.8579]]]}},{"type":"Feature","properties":{"kind":"land"},"geometry":{"type":"Polygon","coordinates":[[[-7.0,57.9604],[-7.0892,57.9942],[-7.1143,57.9891],[-7.0851,58.0213],[-7.0568,58.0096],[-7.0267,58.0346],[-6.9376,58.0508],[-7.0501,58.0362],[-7.0642,58.0458],[-7.0208,58.055],[-7.0592,58.055],[-7.0292,58.0808],[-7.0834,58.0629],[-7.1359,58.1242],[-7.0909,58.1641],[-7.0967,58.1888],[-7.045,58.1754],[-7.0092,58.1849],[-7.0318,58.2004],[-7.04,58.1887],[-7.0659,58.1975],[-7.0492,58.2333],[-7.0234,58.2454],[-7.0234,58.2329],[-6.9701,58.2212],[-6.9584,58.2363],[-6.9125,58.2175],[-6.9117,58.2038],[-6.9526,58.2017],[-6.8942,58.1883],[-6.8667,58.122],[-6.8775,58.19],[-6.8616,58.1829],[-6.8326,58.205],[-6.8709,58.2108],[-6.8526,58.2258],[-6.87,58.2412],[-6.8609,58.225],[-6.8776,58.2309],[-6.8884,58.2604],[-6.8451,58.2562],[-6.8367,58.2362],[-6.7842,58.2225],[-6.7851,58.2004],[-6.8259,58.2041],[-6.7483,58.1929],[-6.7167,58.1704],[-6.7091,58.1858],[-6.7609,58.2],[-6.7408,58.2125],[-6.8092,58.2542],[-6.8176,58.2708],[-6.7876,58.2783],[-6.8276,58.2842],[-6.8059,58.3041],[-6.7567,58.3071],[-6.65,58.3554],[-6.6383,58.3446],[-6.5484,58.3662],[-6.5209,58.3958],[-6.2534,58.5154],[-6.1808,58.4667],[-6.1942,58.4474],[-6.1675,58.4183],[-6.2158,58.3683],[-6.1626,58.3433],[-6.1992,58.3391],[-6.2392,58.2983],[-6.2808,58.2925],[-6.2809,58.2708],[-6.3259,58.2641],[-6.3259,58.24],[-6.3759,58.225],[-6.3367,58.2279],[-6.285,58.2087],[-6.1634,58.2646],[-6.1358,58.255],[-6.1592,58.2159],[-6.2284,58.1821],[-6.2983,58.2054],[-6.3517,58.1887],[-6.3901,58.2129],[-6.3658,58.1534],[-6.4208,58.1391],[-6.3683,58.1446],[-6.3692,58.1317],[-6.4901,58.1429],[-6.4275,58.1216],[-6.4618,58.1037],[-6.5808,58.09],[-6.4301,58.0921],[-6.4001,58.1121],[-6.3958,58.0858],[-6.3759,58.09],[-6.3709,58.0499],[-6.4376,58.0491],[-6.3558,58.0383],[-6.3884,58.0004],[-6.4601,58.0187],[-6.5808,58.0041],[-6.4541,57.9941],[-6.4676,57.9383],[-6.5183,57.9271],[-6.545,57.9554],[-6.5359,57.92],[-6.5717,57.9238],[-6.57,57.9096],[-6.6401,57.9612],[-6.6042,57.9175],[-6.6592,57.9225],[-6.7126,57.9842],[-6.7125,58.0158],[-6.6684,58.0496],[-6.7559,58.005],[-6.7192,57.9641],[-6.7392,57.9533],[-6.7084,57.9554],[-6.6709,57.9233],[-6.7109,57.915],[-6.6692,57.9008],[-6.6642,57.8817],[-6.7992,57.8966],[-6.7842,57.88],[-6.8109,57.88],[-6.8026,57.8683],[-6.7675,57.8658],[-6.7358,57.8266],[-6.795,57.8329],[-6.7934,57.8054],[-6.85,57.8288],[-6.8343,57.815],[-6.845,57.8029],[-6.8609,57.8108],[-6.8568,57.7929],[-6.8808,57.7992],[-6.8708,57.7734],[-6.9116,57.7821],[-6.8992,57.7633],[-6.9309,57.7617],[-6.9417,57.7396],[-6.9775,57.7425],[-6.9684,57.7271],[-7.1325,57.8366],[-7.08,57.8321],[-7.0717,57.8121],[-7.0751,57.8229],[-6.9992,57.8466],[-6.9951,57.8687],[-6.9075,57.87],[-6.9608,57.8875],[-6.9467,57.9046],[-6.8159,57.9016],[-6.8575,57.9166],[-6.8484,57.932],[-6.9126,57.9366],[-6.9017,57.9496],[-7.0,57.9604]]]}},{"type":"Feature","properties":{"kind":"land"},"geometry":{"type":"Polygon","coordinates":[[[-6.0234,57.2887],[-5.9217,57.2629],[-5.89,57.2388],[-5.74,57.2754],[-5.7092,57.2692],[-5.7284,57.2621],[-5.6601,57.2654],[-5.6475,57.2508],[-5.6676,57.2092],[-5.7117,57.1854],[-5.7834,57.1654],[-5.8059,57.175],[-5.7859,57.1383],[-5.8234,57.1079],[-5.8508,57.11],[-5.8975,57.0566],[-6.0167,57.0196],[-6.0376,57.0558],[-6.0025,57.0741],[-5.9975,57.125],[-5.8392,57.1883],[-5.9,57.1704],[-5.9883,57.1687],[-6.035,57.2271],[-6.0259,57.1833],[-6.0833,57.1271],[-6.1109,57.1367],[-6.1167,57.1929],[-6.1651,57.1987],[-6.1701,57.1746],[-6.3217,57.1612],[-6.2843,57.2017],[-6.3434,57.1863],[-6.3859,57.2158],[-6.3476,57.2308],[-6.3425,57.2516],[-6.3567,57.2354],[-6.4034,57.2321],[-6.4809,57.2916],[-6.4809,57.3108],[-6.4259,57.3241],[-6.4284,57.3412],[-6.3467,57.3012],[-6.3092,57.3008],[-6.4009,57.3408],[-6.3992,57.36],[-6.46,57.3404],[-6.4892,57.4033],[-6.525,57.3704],[-6.5309,57.3942],[-6.5726,57.3883],[-6.5767,57.3329],[-6.7133,57.3704],[-6.7442,57.42],[-6.7892,57.4216],[-6.7784,57.4604],[-6.7209,57.4517],[-6.7475,57.5],[-6.72,57.5137],[-6.6659,57.4617],[-6.6216,57.4354],[-6.6001,57.4471],[-6.5825,57.4241],[-6.6375,57.5042],[-6.5967,57.5112],[-6.5701,57.4954],[-6.5608,57.5083],[-6.6417,57.5529],[-6.6543,57.5441],[-6.6375,57.6075],[-6.5859,57.5925],[-6.5658,57.5508],[-6.5051,57.5363],[-6.4617,57.5004],[-6.4242,57.52],[-6.4492,57.485],[-6.4334,57.4738],[-6.3984,57.5287],[-6.3434,57.4837],[-6.3342,57.4917],[-6.3134,57.4571],[-6.3258,57.4874],[-6.3091,57.485],[-6.3641,57.5142],[-6.3975,57.5591],[-6.3625,57.59],[-6.3959,57.5849],[-6.4275,57.6458],[-6.3476,57.6783],[-6.3551,57.7096],[-6.2976,57.7083],[-6.2342,57.6391],[-6.1842,57.6317],[-6.1359,57.5892],[-6.1425,57.43],[-6.1959,57.41],[-6.1992,57.3933],[-6.1817,57.4079],[-6.1384,57.4071],[-6.1209,57.3875],[-6.1442,57.3725],[-6.0926,57.3408],[-6.0975,57.3225],[-6.1184,57.3154],[-6.0534,57.3146],[-6.0393,57.2925],[-6.0826,57.2716],[-6.0234,57.2887]]]}},{"type":"Feature","properties":{"kind":"land"},"geometry":{"type":"Polygon","coordinates":[[[-1.346,60.0],[-1.2692,60.1358],[-1.3076,60.135],[-1.2867,60.1971],[-1.3159,60.16],[-1.3134,60.1862],[-1.3309,60.1658],[-1.3076,60.235],[-1.3483,60.2021],[-1.3558,60.2441],[-1.4326,60.2558],[-1.3775,60.2375],[-1.3592,60.195],[-1.3733,60.2104],[-1.3975,60.2016],[-1.3984,60.2179],[-1.4008,60.18],[-1.4234,60.1654],[-1.4391,60.1858],[-1.4634,60.1471],[-1.5492,60.1883],[-1.5442,60.2038],[-1.4867,60.2054],[-1.5043,60.2117],[-1.4725,60.2216],[-1.5067,60.2163],[-1.4975,60.2325],[-1.5268,60.2438],[-1.5142,60.23],[-1.55,60.2012],[-1.5651,60.2287],[-1.5668,60.2137],[-1.6017,60.2213],[-1.625,60.2063],[-1.64,60.2304],[-1.6926,60.2366],[-1.6826,60.2808],[-1.7042,60.2908],[-1.6084,60.3096],[-1.5717,60.2896],[-1.5768,60.3046],[-1.5383,60.2962],[-1.5559,60.31],[-1.505,60.3212],[-1.4784,60.2846],[-1.4609,60.2909],[-1.4875,60.3092],[-1.4584,60.3004],[-1.4443,60.31],[-1.4942,60.3284],[-1.475,60.3429],[-1.4375,60.3291],[-1.4567,60.3187],[-1.4283,60.3304],[-1.3891,60.3158],[-1.3717,60.2871],[-1.3509,60.305],[-1.3776,60.3241],[-1.3567,60.3462],[-1.3342,60.3383],[-1.3392,60.3608],[-1.2642,60.3525],[-1.3033,60.3696],[-1.3617,60.3696],[-1.3533,60.3946],[-1.3917,60.3529],[-1.4641,60.3566],[-1.4759,60.3766],[-1.45,60.3896],[-1.3975,60.3816],[-1.4159,60.4083],[-1.3975,60.4191],[-1.4559,60.4192],[-1.4659,60.4441],[-1.4442,60.4483],[-1.4692,60.4625],[-1.4342,60.4733],[-1.4659,60.4692],[-1.455,60.4912],[-1.4984,60.4554],[-1.4967,60.4854],[-1.5567,60.4912],[-1.6151,60.4746],[-1.6375,60.4858],[-1.6117,60.5104],[-1.5625,60.5058],[-1.5659,60.5392],[-1.53,60.5579],[-1.47,60.5129],[-1.4567,60.5121],[-1.4993,60.5433],[-1.4359,60.575],[-1.4193,60.6175],[-1.335,60.6012],[-1.3459,60.6283],[-1.3101,60.6421],[-1.3025,60.5958],[-1.3326,60.5858],[-1.3142,60.54],[-1.3659,60.5275],[-1.3226,60.5266],[-1.3576,60.5184],[-1.3225,60.5125],[-1.3525,60.4817],[-1.3168,60.4996],[-1.3108,60.4825],[-1.3809,60.3983],[-1.3309,60.4117],[-1.3301,60.4388],[-1.2592,60.4458],[-1.3059,60.4692],[-1.28,60.4888],[-1.265,60.4729],[-1.2384,60.4954],[-1.2059,60.4867],[-1.2076,60.4592],[-1.1742,60.4592],[-1.2009,60.4458],[-1.1659,60.4442],[-1.1659,60.4216],[-1.195,60.4312],[-1.2583,60.3996],[-1.2033,60.4204],[-1.1858,60.4158],[-1.2168,60.4029],[-1.1684,60.4162],[-1.1633,60.3796],[-1.1209,60.4283],[-1.1118,60.4162],[-1.0717,60.4479],[-1.0476,60.4408],[-1.1392,60.385],[-1.1284,60.3721],[-1.1083,60.3946],[-1.0733,60.3895],[-1.0742,60.3575],[-1.1842,60.3517],[-1.1684,60.3246],[-1.1533,60.3388],[-1.0775,60.3242],[-1.0725,60.3041],[-1.1592,60.2816],[-1.1467,60.2704],[-1.1101,60.2779],[-1.0976,60.2617],[-1.1433,60.2596],[-1.1717,60.2388],[-1.1676,60.2608],[-1.2068,60.2679],[-1.1943,60.245],[-1.2308,60.2308],[-1.1858,60.2333],[-1.22,60.2013],[-1.1676,60.2242],[-1.2191,60.1733],[-1.1534,60.2046],[-1.1626,60.1675],[-1.1308,60.15],[-1.1575,60.1491],[-1.1551,60.1296],[-1.1742,60.1408],[-1.175,60.1213],[-1.2025,60.13],[-1.1976,60.1091],[-1.2242,60.1008],[-1.1709,60.0342],[-1.2326,60.0324],[-1.2017,59.9712],[-1.2217,59.9945],[-1.2334,59.9812],[-1.2534,59.9971],[-1.276,59.9916],[-1.2525,59.9783],[-1.2558,59.9391],[-1.2892,59.9225],[-1.2676,59.8908],[-1.2958,59.8866],[-1.2676,59.8783],[-1.2734,59.8512],[-1.2967,59.8762],[-1.3159,59.8558],[-1.3217,59.8996],[-1.3501,59.8845],[-1.3876,59.8899],[-1.3642,59.9483],[-1.3326,59.9483],[-1.3326,59.9691],[-1.3659,59.9733],[-1.3584,59.9829],[-1.3309,59.9733],[-1.346,60.0]]]}},{"type":"Feature","properties":{"kind":"land"},"geometry":{"type":"Polygon","coordinates":[[[-6.0,56.5829],[-5.9516,56.5196],[-5.8534,56.5204],[-5.8284,56.507],[-5.7983,56.5154],[-5.765,56.4879],[-5.7158,56.4825],[-5.6834,56.4512],[-5.6525,56.4558],[-5.6476,56.4292],[-5.6658,56.39],[-5.7084,56.3862],[-5.7109,56.4117],[-5.7476,56.4108],[-5.7308,56.3966],[-5.7926,56.3658],[-5.7067,56.3846],[-5.6975,56.3683],[-5.8317,56.3104],[-5.8876,56.3175],[-5.8475,56.3491],[-5.8901,56.3537],[-5.9334,56.3204],[-5.985,56.3229],[-6.0434,56.2929],[-6.0817,56.3012],[-6.1433,56.2838],[-6.2467,56.2879],[-6.2683,56.2637],[-6.325,56.2688],[-6.3491,56.3049],[-6.3776,56.3083],[-6.3517,56.3471],[-6.2967,56.3437],[-6.2692,56.3258],[-6.2917,56.3229],[-6.2383,56.3171],[-6.2534,56.3421],[-6.19,56.3329],[-6.1034,56.3429],[-6.0217,56.3646],[-6.1768,56.3554],[-6.2076,56.3633],[-6.2076,56.3859],[-6.1543,56.4116],[-6.1293,56.4483],[-6.0583,56.4512],[-5.9959,56.49],[-6.0134,56.4996],[-6.125,56.4713],[-6.1526,56.4808],[-6.1509,56.4992],[-6.23,56.5279],[-6.2883,56.5213],[-6.3366,56.5329],[-6.3426,56.55],[-6.2825,56.5767],[-6.3192,56.5783],[-6.3259,56.605],[-6.2717,56.6021],[-6.2601,56.6137],[-6.225,56.6021],[-6.2292,56.6333],[-6.1984,56.6246],[-6.2017,56.6429],[-6.1267,56.6563],[-6.0658,56.6383],[-6.0692,56.62],[-6.0,56.5829]]]}},{"type":"Feature","properties":{"kind":"land"},"geometry":{"type":"Polygon","coordinates":[[[-4.5909,53.2816],[-4.5475,53.3041],[-4.5692,53.3008],[-4.5876,53.3308],[-4.5592,53.3725],[-4.5792,53.4033],[-4.4818,53.4229],[-4.4518,53.4146],[-4.43,53.4304],[-4.2909,53.4167],[-4.2709,53.3891],[-4.2943,53.3666],[-4.2751,53.3754],[-4.2308,53.3583],[-4.2117,53.2962],[-4.1201,53.3196],[-4.0409,53.3117],[-4.1008,53.2533],[-4.2125,53.2108],[-4.2209,53.1858],[-4.3134,53.1437],[-4.3392,53.1467],[-4.3559,53.1333],[-4.3317,53.1254],[-4.4033,53.1446],[-4.4192,53.1342],[-4.4209,53.1617],[-4.3908,53.17],[-4.3876,53.1891],[-4.4467,53.1546],[-4.4659,53.1892],[-4.4884,53.1771],[-4.5058,53.1875],[-4.5242,53.2341],[-4.5909,53.2816]]]}},{"type":"Feature","properties":{"kind":"land"},"geometry":{"type":"Polygon","coordinates":[[[-6.5259,55.6967],[-6.4658,55.7517],[-6.4576,55.7808],[-6.4892,55.7925],[-6.4593,55.8092],[-6.4559,55.8533],[-6.3967,55.8579],[-6.3284,55.8921],[-6.3475,55.8342],[-6.3217,55.8229],[-6.3159,55.8733],[-6.2817,55.8771],[-6.1984,55.9271],[-6.1242,55.9375],[-6.1059,55.8167],[-6.0475,55.7633],[-6.0208,55.6866],[-6.0759,55.6633],[-6.0742,55.6441],[-6.1517,55.6254],[-6.215,55.6313],[-6.2683,55.5788],[-6.3375,55.5925],[-6.3126,55.645],[-6.2608,55.66],[-6.2825,55.6983],[-6.3409,55.7174],[-6.3392,55.7316],[-6.2542,55.7724],[-6.2634,55.7854],[-6.3476,55.7842],[-6.3908,55.725],[-6.4867,55.6712],[-6.5259,55.6967]]]}},{"type":"Feature","properties":{"kind":"land"},"geometry":{"type":"Polygon","coordinates":[[[-3.0526,59.0],[-3.005,59.0104],[-2.9617,58.9871],[-2.9334,59.0146],[-2.9002,59.0087],[-2.9126,58.9941],[-2.8859,58.9933],[-2.9193,58.9833],[-2.9175,58.9666],[-2.885,58.9612],[-2.8567,58.9879],[-2.8,58.9938],[-2.7909,58.9658],[-2.8459,58.955],[-2.8259,58.9483],[-2.8376,58.9258],[-2.8017,58.9304],[-2.7884,58.9171],[-2.7858,58.9408],[-2.8125,58.9458],[-2.7059,58.9733],[-2.7109,58.9217],[-2.7817,58.9154],[-2.8283,58.8729],[-2.8942,58.8958],[-2.9126,58.8708],[-2.885,58.8763],[-2.8892,58.8575],[-2.8593,58.8525],[-2.8976,58.8425],[-2.8775,58.8192],[-2.9293,58.7967],[-2.9234,58.7337],[-2.9634,58.7321],[-2.9925,58.7567],[-2.9809,58.7866],[-3.0208,58.8108],[-3.0,58.8021],[-2.9758,58.8183],[-3.0375,58.8208],[-3.0133,58.8346],[-2.9583,58.8287],[-2.9025,58.8425],[-2.9659,58.8517],[-2.9143,58.8574],[-2.9242,58.8775],[-2.8992,58.895],[-2.9324,58.8925],[-2.9709,58.9608],[-3.1801,58.912],[-3.2258,58.9291],[-3.25,58.9821],[-3.3017,58.9504],[-3.3559,58.9649],[-3.3675,59.02],[-3.3392,59.0558],[-3.3609,59.1042],[-3.3293,59.1358],[-3.1967,59.1546],[-3.1116,59.1229],[-3.075,59.1237],[-3.0459,59.1033],[-3.0642,59.0958],[-3.0041,59.0675],[-3.0142,59.0383],[-3.065,59.0487],[-3.0625,59.0225],[-3.1143,59.0083],[-3.0526,59.0]]]}},{"type":"Feature","properties":{"kind":"land"},"geometry":{"type":"Polygon","coordinates":[[[-4.7976,54.0624],[-4.7359,54.1249],[-4.7209,54.2091],[-4.6092,54.27],[-4.5426,54.3616],[-4.4601,54.3987],[-4.3634,54.4162],[-4.381,54.3274],[-4.3076,54.2949],[-4.3943,54.2208],[-4.3876,54.1908],[-4.4676,54.1608],[-4.4642,54.1408],[-4.5259,54.1233],[-4.5442,54.1007],[-4.6009,54.0899],[-4.6217,54.052],[-4.6267,54.072],[-4.6667,54.0587],[-4.7034,54.082],[-4.7701,54.0537],[-4.7976,54.0624]]]}},{"type":"Feature","properties":{"kind":"land"},"geometry":{"type":"Polygon","coordinates":[[[3.9916,51.6171],[3.8915,51.6328],[3.8723,51.6683],[3.8115,51.6962],[3.7215,51.6678],[3.6773,51.6891],[3.6981,51.7295],[3.8224,51.7416],[3.8207,51.7575],[3.8623,51.7741],[3.8557,51.8116],[3.8848,51.8253],[4.0099,51.8453],[4.045,51.8187],[4.1933,51.7771],[4.2766,51.7212],[4.3432,51.7045],[4.3975,51.7099],[4.3607,51.6716],[4.3083,51.6579],[4.2666,51.6562],[4.1649,51.6845],[4.1049,51.6712],[4.1575,51.6949],[4.0508,51.7091],[3.9964,51.7979],[3.9115,51.7953],[3.8706,51.7774],[3.8724,51.7525],[3.8399,51.7562],[3.8273,51.7408],[3.9682,51.7353],[4.0158,51.6891],[4.1058,51.6599],[4.0666,51.6303],[3.9916,51.6171]]]}},{"type":"Feature","properties":{"kind":"land"},"geometry":{"type":"Polygon","coordinates":[[[-5.3992,55.6133],[-5.3742,55.6733],[-5.3217,55.7046],[-5.2875,55.7033],[-5.2867,55.7188],[-5.1976,55.6983],[-5.1375,55.6416],[-5.1292,55.605],[-5.1592,55.5833],[-5.0842,55.5524],[-5.1292,55.5258],[-5.0809,55.5083],[-5.0841,55.4524],[-5.205,55.4321],[-5.3208,55.4658],[-5.3292,55.4958],[-5.3575,55.505],[-5.3475,55.56],[-5.3992,55.6133]]]}},{"type":"Feature","properties":{"kind":"land"},"geometry":{"type":"Polygon","coordinates":[[[-1.5875,50.6625],[-1.5217,50.7062],[-1.5083,50.6829],[-1.5042,50.705],[-1.4317,50.7254],[-1.4158,50.7233],[-1.4284,50.7054],[-1.4117,50.7212],[-1.3817,50.7129],[-1.4142,50.7233],[-1.3134,50.7671],[-1.2933,50.7446],[-1.2884,50.7637],[-1.2642,50.76],[-1.2159,50.7358],[-1.2284,50.7246],[-1.1817,50.7329],[-1.1134,50.7212],[-1.1092,50.6925],[-1.0725,50.6866],[-1.1001,50.6629],[-1.1608,50.6483],[-1.1808,50.5983],[-1.2967,50.5729],[-1.4866,50.6646],[-1.5875,50.6625]]]}},{"type":"Feature","properties":{"kind":"land"},"geometry":{"type":"Polygon","coordinates":[[[-6.7726,62.0],[-6.7326,61.9816],[-6.745,61.9379],[-6.9094,62.0],[-6.9367,62.0396],[-6.9843,62.0383],[-7.0451,62.1171],[-7.1383,62.1154],[-7.1726,62.135],[-7.1534,62.1554],[-7.2034,62.1454],[-7.2609,62.1749],[-7.2325,62.2433],[-7.1859,62.2483],[-7.2392,62.2525],[-7.2201,62.3071],[-7.1933,62.2996],[-7.1683,62.3121],[-7.1467,62.2912],[-7.1217,62.2971],[-7.0891,62.2816],[-7.0107,62.2074],[-7.0274,62.1884],[-6.8742,62.1308],[-6.9425,62.1008],[-6.8734,62.1104],[-6.7992,62.0683],[-6.8367,62.0571],[-6.9109,62.0641],[-6.7667,62.0487],[-6.7492,62.0275],[-6.7726,62.0]]]}},{"type":"Feature","properties":{"kind":"land"},"geometry":{"type":"Polygon","coordinates":[[[-5.9992,55.99],[-5.9058,56.0616],[-5.7009,56.1466],[-5.6875,56.1092],[-5.8376,55.9709],[-5.8725,55.8884],[-5.8866,55.8779],[-5.8975,55.8875],[-5.9,55.8662],[-5.9358,55.8675],[-5.965,55.7912],[-6.0742,55.8116],[-6.0909,55.9],[-6.0284,55.9487],[-5.9167,55.9562],[-5.8525,55.9783],[-5.8551,55.9888],[-5.9416,55.9604],[-6.0084,55.9721],[-5.9992,55.99]]]}},{"type":"Feature","properties":{"kind":"land"},"geometry":{"type":"Polygon","coordinates":[[[5.3374,60.5408],[5.4283,60.5612],[5.4884,60.5246],[5.4358,60.5683],[5.4599,60.5863],[5.4741,60.575],[5.485,60.6013],[5.5208,60.59],[5.5066,60.6113],[5.55,60.6154],[5.5533,60.6029],[5.5908,60.6217],[5.6391,60.6833],[5.6117,60.6804],[5.6108,60.6925],[5.6533,60.7071],[5.6733,60.6813],[5.6916,60.6987],[5.7292,60.6875],[5.7067,60.4696],[5.6633,60.4771],[5.6083,60.4388],[5.5317,60.427],[5.4274,60.5025],[5.3374,60.5408]]]}},{"type":"Feature","properties":{"kind":"land"},"geometry":{"type":"Polygon","coordinates":[[[5.9967,62.3012],[5.9082,62.2513],[5.8083,62.2496],[5.8707,62.275],[5.8551,62.2887],[5.8217,62.2779],[5.8492,62.2774],[5.8009,62.2633],[5.8125,62.2275],[5.7666,62.2037],[5.6033,62.1862],[5.5291,62.2258],[5.5449,62.2346],[5.6491,62.2175],[5.5291,62.2466],[5.5299,62.2604],[5.5791,62.2567],[5.5458,62.2741],[5.5666,62.2954],[5.7133,62.2962],[5.7416,62.3129],[5.7383,62.2838],[5.8475,62.2916],[5.8533,62.3154],[5.8033,62.2929],[5.7725,62.2966],[5.7958,62.3192],[5.7658,62.3241],[5.8334,62.3354],[5.8483,62.3171],[5.8641,62.3233],[5.8483,62.3429],[5.8092,62.3408],[5.8142,62.3767],[5.8982,62.4229],[6.0067,62.4229],[6.0359,62.3692],[6.0799,62.3629],[6.0766,62.3496],[6.1176,62.355],[5.9967,62.3012]]]}},{"type":"Feature","properties":{"kind":"land"},"geometry":{"type":"Polygon","coordinates":[[[-7.4576,57.2425],[-7.4309,57.2458],[-7.3959,57.3025],[-7.4308,57.3875],[-7.3367,57.4029],[-7.3184,57.3846],[-7.2709,57.3808],[-7.3025,57.375],[-7.2408,57.3533],[-7.2667,57.3445],[-7.2209,57.3491],[-7.2534,57.3296],[-7.2909,57.3358],[-7.2251,57.3237],[-7.2209,57.3033],[-7.1925,57.2999],[-7.2667,57.2246],[-7.3625,57.2441],[-7.35,57.2271],[-7.2709,57.215],[-7.2441,57.1642],[-7.2667,57.1496],[-7.3116,57.1629],[-7.3017,57.1479],[-7.3534,57.1546],[-7.3409,57.1391],[-7.2451,57.1362],[-7.2409,57.1208],[-7.2108,57.1175],[-7.2301,57.0963],[-7.3976,57.1133],[-7.4242,57.2166],[-7.4576,57.2425]]]}},{"type":"Feature","properties":{"kind":"land"},"geometry":{"type":"Polygon","coordinates":[[[-7.5508,57.6025],[-7.5226,57.605],[-7.4917,57.6604],[-7.4467,57.6629],[-7.3834,57.6346],[-7.3759,57.66],[-7.315,57.6946],[-7.3292,57.6575],[-7.2868,57.6429],[-7.2459,57.6567],[-7.2775,57.6658],[-7.1951,57.6979],[-7.1542,57.6784],[-7.185,57.6479],[-7.16,57.6554],[-7.1333,57.6429],[-7.1026,57.6508],[-7.1133,57.6629],[-7.0625,57.6425],[-7.1016,57.6079],[-7.1326,57.6267],[-7.1183,57.6346],[-7.2158,57.64],[-7.1893,57.6325],[-7.2017,57.6204],[-7.1508,57.6125],[-7.1742,57.6125],[-7.1542,57.6066],[-7.175,57.5921],[-7.1025,57.595],[-7.1351,57.5588],[-7.2225,57.5633],[-7.2234,57.5529],[-7.1359,57.555],[-7.1325,57.5341],[-7.1676,57.5125],[-7.1425,57.5125],[-7.1634,57.5088],[-7.3067,57.5204],[-7.2976,57.5117],[-7.3217,57.5096],[-7.3559,57.5483],[-7.3301,57.5537],[-7.4368,57.5862],[-7.4434,57.5704],[-7.4851,57.5687],[-7.4908,57.5933],[-7.5034,57.5829],[-7.5508,57.6025]]]}},{"type":"Feature","properties":{"kind":"land"},"geometry":{"type":"Polygon","coordinates":[[[-7.0,62.3379],[-6.9009,62.3149],[-6.9642,62.2891],[-6.9351,62.2371],[-6.9409,62.2833],[-6.8517,62.2954],[-6.8309,62.2849],[-6.8617,62.2637],[-6.81,62.272],[-6.7658,62.2591],[-6.78,62.2363],[-6.8176,62.2425],[-6.7968,62.2212],[-6.7401,62.2262],[-6.6359,62.2],[-6.6367,62.1813],[-6.7417,62.1979],[-6.7525,62.1867],[-6.5909,62.1308],[-6.7026,62.1433],[-6.6259,62.1117],[-6.6892,62.1042],[-6.6918,62.0571],[-6.7425,62.0858],[-6.7259,62.1192],[-6.7692,62.1716],[-6.8491,62.1975],[-6.7576,62.1416],[-6.7634,62.0912],[-6.8717,62.1554],[-6.9251,62.1604],[-6.9942,62.1916],[-7.0842,62.2958],[-7.1175,62.3016],[-7.1017,62.3237],[-7.0784,62.3087],[-7.0,62.3379]]]}},{"type":"Feature","properties":{"kind":"land"},"geometry":{"type":"Polygon","coordinates":[[[5.2808,59.9175],[5.3274,59.9283],[5.3224,59.9508],[5.2858,59.9566],[5.3183,59.9795],[5.3266,59.9654],[5.365,59.9671],[5.4733,59.9246],[5.5291,59.8683],[5.5408,59.7849],[5.5058,59.7833],[5.4999,59.7587],[5.455,59.7438],[5.4033,59.7479],[5.3866,59.7762],[5.3374,59.7791],[5.3317,59.8021],[5.3624,59.79],[5.3558,59.8291],[5.3416,59.8054],[5.2858,59.8675],[5.2916,59.8996],[5.2725,59.8825],[5.2808,59.9175]]]}},{"type":"Feature","properties":{"kind":"land"},"geometry":{"type":"Polygon","coordinates":[[[5.0484,60.2054],[4.9775,60.2275],[4.9925,60.2658],[4.9566,60.2529],[4.9459,60.2767],[4.9708,60.2766],[4.9392,60.2875],[4.9625,60.295],[4.9483,60.3037],[5.0033,60.2863],[5.0407,60.3025],[5.0058,60.3092],[4.9833,60.3446],[4.9817,60.3313],[4.9649,60.3454],[4.9209,60.3417],[4.9283,60.3621],[4.9825,60.3466],[4.9491,60.45],[4.9799,60.4471],[4.9783,60.4604],[5.0158,60.4325],[5.0024,60.4141],[5.0442,60.4033],[5.0758,60.3625],[5.1125,60.3592],[5.1166,60.3737],[5.0774,60.3767],[5.1067,60.3995],[5.1525,60.39],[5.1624,60.3642],[5.1466,60.3321],[5.1024,60.3483],[5.1308,60.3358],[5.1392,60.2783],[5.1166,60.2704],[5.0709,60.2841],[5.1525,60.2325],[5.1541,60.1841],[5.11,60.1854],[5.1175,60.1725],[5.0916,60.1712],[5.0733,60.2029],[5.0791,60.1641],[5.0299,60.1629],[5.0541,60.2116],[5.0742,60.2041],[5.0641,60.2433],[5.0484,60.2054]]]}},{"type":"Feature","properties":{"kind":"land"},"geometry":{"type":"Polygon","coordinates":[[[-1.0009,60.7225],[-0.9809,60.6383],[-1.0234,60.6404],[-1.0667,60.6696],[-1.0176,60.6167],[-1.035,60.6021],[-1.0809,60.6075],[-1.0009,60.5825],[-1.0126,60.5491],[-1.0475,60.5491],[-1.0192,60.5333],[-1.0291,60.4975],[-1.0684,60.4904],[-1.1167,60.5071],[-1.0959,60.4866],[-1.1468,60.4846],[-1.1891,60.5242],[-1.2076,60.6083],[-1.155,60.6579],[-1.1392,60.6242],[-1.125,60.7287],[-1.0751,60.7188],[-1.075,60.7337],[-1.035,60.7271],[-1.0434,60.7379],[-1.0009,60.7225]]]}},{"type":"Feature","properties":{"kind":"land"},"geometry":{"type":"Polygon","coordinates":[[[5.1042,59.7725],[5.1259,59.8041],[5.1508,59.805],[5.1424,59.8242],[5.1741,59.8117],[5.1616,59.8354],[5.2024,59.8167],[5.1541,59.855],[5.1525,59.8733],[5.1783,59.8754],[5.2183,59.8446],[5.2575,59.8433],[5.2358,59.8241],[5.2758,59.81],[5.2475,59.7991],[5.2633,59.7929],[5.2867,59.8096],[5.3025,59.7991],[5.3591,59.7041],[5.3958,59.7075],[5.3433,59.6754],[5.2983,59.6704],[5.3458,59.695],[5.3258,59.6983],[5.3375,59.725],[5.3149,59.7421],[5.3149,59.722],[5.2758,59.7249],[5.2649,59.7462],[5.2408,59.7425],[5.2357,59.67],[5.1992,59.6467],[5.2525,59.6625],[5.2208,59.6025],[5.2525,59.6074],[5.1999,59.5721],[5.1775,59.5783],[5.1924,59.5916],[5.1708,59.5916],[5.1825,59.6241],[5.1491,59.6725],[5.1824,59.7292],[5.2441,59.7542],[5.1967,59.7479],[5.195,59.7604],[5.1733,59.7462],[5.1616,59.7796],[5.13,59.7471],[5.1042,59.7725]]]}},{"type":"Feature","properties":{"kind":"land"},"geometry":{"type":"Polygon","coordinates":[[[5.1658,59.205],[5.1858,59.2825],[5.2166,59.3021],[5.2542,59.2833],[5.1858,59.3366],[5.1867,59.3537],[5.2191,59.3458],[5.2083,59.3629],[5.2525,59.3641],[5.2157,59.385],[5.2383,59.4112],[5.2834,59.3764],[5.2791,59.3366],[5.3241,59.3117],[5.2892,59.305],[5.3292,59.2734],[5.2917,59.1396],[5.2766,59.1504],[5.245,59.1387],[5.2266,59.1512],[5.1958,59.1441],[5.1658,59.205]]]}},{"type":"Feature","properties":{"kind":"land"},"geometry":{"type":"Polygon","coordinates":[[[-7.4658,62.1392],[-7.4401,62.1471],[-7.3534,62.1263],[-7.3418,62.1462],[-7.2416,62.1604],[-7.1551,62.1087],[-7.0742,62.0941],[-7.0824,62.0484],[-7.1584,62.0546],[-7.1891,62.0475],[-7.1484,62.0338],[-7.235,62.0213],[-7.4034,62.0662],[-7.39,62.0796],[-7.3175,62.0716],[-7.4268,62.0954],[-7.4658,62.1392]]]}},{"type":"Feature","properties":{"kind":"land"},"geometry":{"type":"Polygon","coordinates":[[[-6.9834,61.6471],[-6.9201,61.6529],[-6.8959,61.6425],[-6.9292,61.6275],[-6.8793,61.6267],[-6.9508,61.6025],[-6.9401,61.5937],[-6.8517,61.6004],[-6.8283,61.5812],[-6.7509,61.5741],[-6.75,61.5421],[-6.8376,61.56],[-6.7992,61.545],[-6.8101,61.5346],[-6.7393,61.5275],[-6.7242,61.5066],[-6.7625,61.5008],[-6.7042,61.4875],[-6.7634,61.4687],[-6.8192,61.4725],[-6.7766,61.4454],[-6.725,61.4637],[-6.7217,61.4437],[-6.6909,61.4466],[-6.6767,61.3921],[-6.7568,61.4121],[-6.8759,61.4758],[-6.9025,61.5066],[-6.8842,61.5258],[-6.9791,61.58],[-7.0,61.6296],[-6.9834,61.6471]]]}},{"type":"Feature","properties":{"kind":"land"},"geometry":{"type":"Polygon","coordinates":[[[7.3874,63.0],[7.7202,63.0],[7.5034,62.9354],[7.4799,62.9595],[7.35,62.9812],[7.3874,63.0]]]}},{"type":"Feature","properties":{"kind":"land"},"geometry":{"type":"Polygon","coordinates":[[[4.7708,52.9983],[4.7283,52.9871],[4.7142,52.9966],[4.7208,53.0675],[4.8583,53.1837],[4.9092,53.1342],[4.9008,53.0808],[4.7958,53.005],[4.7525,53.01],[4.7708,52.9983]]]}},{"type":"Feature","properties":{"kind":"land"},"geometry":{"type":"Polygon","coordinates":[[[4.9967,61.8379],[4.8999,61.8354],[4.8191,61.86],[4.9283,61.8821],[4.9008,61.8958],[4.9516,61.9104],[5.0816,61.8788],[5.2625,61.8616],[5.255,61.8346],[5.1366,61.8237],[5.1674,61.8483],[5.1449,61.8654],[5.1591,61.8475],[5.0983,61.8138],[4.9616,61.7754],[4.9433,61.7996],[4.9558,61.7733],[4.9299,61.7621],[4.9041,61.8192],[4.96,61.8104],[4.9474,61.8258],[4.9967,61.8379]]]}},{"type":"Feature","properties":{"kind":"land"},"geometry":{"type":"Polygon","coordinates":[[[4.9966,61.1771],[5.0225,61.1483],[5.0158,61.0991],[4.9566,61.0887],[4.9217,61.0521],[4.9016,61.1079],[4.8516,61.0454],[4.8083,61.0446],[4.7908,61.0725],[4.7716,61.0229],[4.7592,61.075],[4.7417,61.0388],[4.7275,61.0833],[4.8033,61.1079],[4.8225,61.0499],[4.8308,61.1391],[4.8074,61.1566],[4.8483,61.1654],[4.8599,61.1487],[4.8599,61.1771],[4.9124,61.1158],[4.8841,61.2125],[4.9391,61.1983],[4.9533,61.1279],[4.9441,61.1916],[4.9733,61.1754],[4.9875,61.1825],[4.9607,61.1858],[4.9582,61.2079],[5.0041,61.1991],[4.9966,61.1771]]]}},{"type":"Feature","properties":{"kind":"land"},"geometry":{"type":"Polygon","coordinates":[[[-3.4359,58.8733],[-3.3984,58.9254],[-3.3268,58.9296],[-3.3133,58.9087],[-3.2125,58.8808],[-3.2126,58.84],[-3.1709,58.8233],[-3.2559,58.7883],[-3.1484,58.8079],[-3.1525,58.7883],[-3.1325,58.7875],[-3.2917,58.7771],[-3.3793,58.8683],[-3.4359,58.8733]]]}},{"type":"Feature","properties":{"kind":"land"},"geometry":{"type":"Polygon","coordinates":[[[-10.0041,53.905],[-10.0592,53.9183],[-10.0475,53.9567],[-10.0667,53.9696],[-10.1967,53.9604],[-10.2592,53.975],[-10.2125,53.98],[-10.1859,53.9983],[-10.1967,54.0121],[-10.1383,53.9979],[-10.0633,54.0229],[-9.9967,54.0087],[-9.9767,54.0262],[-9.9309,53.995],[-9.9592,53.9883],[-9.9692,53.9508],[-9.9158,53.9625],[-9.9342,53.9166],[-9.9592,53.9108],[-9.9392,53.8983],[-9.9476,53.875],[-9.9942,53.8875],[-10.0041,53.905]]]}},{"type":"Feature","properties":{"kind":"land"},"geometry":{"type":"Polygon","coordinates":[[[-5.2242,55.9008],[-5.1883,55.9254],[-5.16,55.9204],[-5.0776,55.88],[-5.0925,55.8616],[-5.0625,55.8583],[-5.0592,55.84],[-5.0259,55.8433],[-5.0009,55.7667],[-5.0309,55.7525],[-5.0084,55.7254],[-5.0559,55.7317],[-5.0967,55.7762],[-5.1226,55.7708],[-5.1459,55.8092],[-5.1292,55.8417],[-5.1758,55.8525],[-5.2242,55.9008]]]}},{"type":"Feature","properties":{"kind":"land"},"geometry":{"type":"Polygon","coordinates":[[[-0.9842,60.7225],[-0.9526,60.7183],[-0.9659,60.7384],[-0.9308,60.7833],[-0.9542,60.7933],[-0.8984,60.8446],[-0.8658,60.8417],[-0.8733,60.8062],[-0.835,60.8446],[-0.7575,60.8217],[-0.8009,60.8109],[-0.78,60.7804],[-0.8309,60.7866],[-0.8008,60.76],[-0.8609,60.7575],[-0.8109,60.7508],[-0.8692,60.7024],[-0.8309,60.6967],[-0.8333,60.6829],[-0.855,60.6746],[-0.9117,60.6904],[-0.9617,60.6754],[-0.9842,60.7225]]]}},{"type":"Feature","properties":{"kind":"land"},"geometry":{"type":"Polygon","coordinates":[[[-2.2529,49.2517],[-2.2258,49.2613],[-2.1825,49.2488],[-2.1508,49.2613],[-2.095,49.2554],[-2.075,49.238],[-2.0433,49.2421],[-2.0196,49.2259],[-2.0271,49.1676],[-2.0759,49.1629],[-2.1442,49.1971],[-2.1679,49.1909],[-2.1666,49.1663],[-2.1941,49.1846],[-2.2475,49.1804],[-2.2237,49.2092],[-2.2529,49.2517]]]}},{"type":"Feature","properties":{"kind":"land"},"geometry":{"type":"Polygon","coordinates":[[[-6.9542,61.9125],[-6.8101,61.8979],[-6.6342,61.8317],[-6.6725,61.8108],[-6.6566,61.7579],[-6.6866,61.7529],[-6.7209,61.7709],[-6.7866,61.8329],[-6.8808,61.8208],[-6.9542,61.9125]]]}},{"type":"Feature","properties":{"kind":"land"},"geometry":{"type":"Polygon","coordinates":[[[5.0,60.7246],[5.065,60.6804],[5.0841,60.6758],[5.0616,60.7004],[5.1107,60.6808],[5.0824,60.685],[5.1099,60.656],[5.2168,60.5897],[5.2267,60.5646],[5.145,60.6087],[5.0899,60.6079],[5.0008,60.635],[5.0083,60.6496],[4.8824,60.6983],[4.9083,60.7054],[4.9291,60.6908],[4.8675,60.74],[4.9117,60.7287],[4.8774,60.7442],[4.8949,60.7471],[5.0,60.7246]]]}},{"type":"Feature","properties":{"kind":"land"},"geometry":{"type":"Polygon","coordinates":[[[-6.2409,56.9975],[-6.2609,56.9592],[-6.33,56.9346],[-6.4559,57.0083],[-6.3267,57.0596],[-6.2559,57.0358],[-6.2442,57.0208],[-6.2759,57.0125],[-6.2409,56.9975]]]}},{"type":"Feature","properties":{"kind":"land"},"geometry":{"type":"Polygon","coordinates":[[[-6.6308,62.24],[-6.5891,62.2291],[-6.5925,62.3066],[-6.6193,62.3291],[-6.5967,62.3612],[-6.5241,62.2842],[-6.4276,62.2566],[-6.465,62.2304],[-6.5375,62.255],[-6.5092,62.2258],[-6.4492,62.2083],[-6.4475,62.1808],[-6.5017,62.1804],[-6.57,62.2254],[-6.5342,62.1783],[-6.5533,62.1687],[-6.6308,62.24]]]}},{"type":"Feature","properties":{"kind":"land"},"geometry":{"type":"Polygon","coordinates":[[[4.9666,60.5629],[5.0483,60.5071],[5.0383,60.5304],[5.2208,60.4883],[5.2516,60.4088],[5.1716,60.3887],[5.1374,60.4225],[5.1684,60.4396],[5.1183,60.4504],[5.1083,60.4404],[5.0966,60.4529],[5.0724,60.4317],[5.0691,60.4525],[5.1191,60.4691],[5.0708,60.4649],[5.0842,60.5],[5.045,60.4938],[4.9774,60.5275],[4.9725,60.5525],[4.9458,60.5516],[4.9666,60.5629]]]}},{"type":"Feature","properties":{"kind":"land"},"geometry":{"type":"Polygon","coordinates":[[[4.9925,60.5841],[4.945,60.6154],[4.9966,60.6004],[5.0449,60.6138],[5.0933,60.5912],[5.15,60.5913],[5.2492,60.535],[5.2425,60.5067],[5.0516,60.5396],[5.0224,60.5508],[5.0508,60.565],[5.0116,60.5563],[4.9925,60.5841]]]}},{"type":"Feature","properties":{"kind":"land"},"geometry":{"type":"Polygon","coordinates":[[[5.1525,53.3683],[5.2017,53.4021],[5.5234,53.4512],[5.5741,53.4475],[5.4649,53.4237],[5.4716,53.4146],[5.4466,53.4196],[5.4583,53.4046],[5.3917,53.4037],[5.325,53.3771],[5.2217,53.3662],[5.185,53.3429],[5.1525,53.3683]]]}},{"type":"Feature","properties":{"kind":"land"},"geometry":{"type":"Polygon","coordinates":[[[-3.2626,47.3537],[-3.2442,47.3879],[-3.1576,47.3654],[-3.1467,47.3346],[-3.0571,47.3091],[-3.0917,47.2796],[-3.1675,47.3037],[-3.2225,47.2946],[-3.2626,47.3537]]]}},{"type":"Feature","properties":{"kind":"land"},"geometry":{"type":"Polygon","coordinates":[[[-6.9993,56.5058],[-6.9551,56.5287],[-6.8801,56.5187],[-6.8317,56.5404],[-6.7818,56.5371],[-6.7568,56.5562],[-6.7259,56.5383],[-6.7334,56.5237],[-6.8092,56.5208],[-6.8184,56.4871],[-6.8793,56.4866],[-6.9134,56.4396],[-6.9501,56.4588],[-6.9842,56.4516],[-6.9993,56.5058]]]}},{"type":"Feature","properties":{"kind":"land"},"geometry":{"type":"Polygon","coordinates":[[[-7.4142,57.465],[-7.3567,57.4954],[-7.3283,57.4812],[-7.2884,57.4854],[-7.2667,57.4646],[-7.2417,57.4763],[-7.2026,57.4583],[-7.2375,57.46],[-7.2183,57.4454],[-7.25,57.4579],[-7.2442,57.4458],[-7.265,57.4521],[-7.2809,57.4383],[-7.2151,57.4362],[-7.2042,57.4158],[-7.2384,57.4004],[-7.3016,57.4146],[-7.2541,57.4],[-7.2901,57.4071],[-7.3034,57.3971],[-7.3451,57.4196],[-7.3942,57.4233],[-7.4142,57.465]]]}},{"type":"Feature","properties":{"kind":"land"},"geometry":{"type":"Polygon","coordinates":[[[6.6617,62.6837],[6.7008,62.7025],[6.6774,62.72],[6.7042,62.7242],[6.6791,62.73],[6.6983,62.7412],[6.7425,62.735],[6.7299,62.7137],[6.7666,62.7346],[6.9274,62.7491],[6.9266,62.7046],[6.6849,62.662],[6.6617,62.6837]]]}},{"type":"Feature","properties":{"kind":"land"},"geometry":{"type":"Polygon","coordinates":[[[-6.7125,56.58],[-6.6592,56.5934],[-6.6176,56.6367],[-6.5334,56.677],[-6.4542,56.6875],[-6.4942,56.6275],[-6.51,56.6171],[-6.5275,56.63],[-6.5684,56.5863],[-6.6133,56.5746],[-6.6284,56.5912],[-6.645,56.5721],[-6.6684,56.5838],[-6.6901,56.5621],[-6.7125,56.58]]]}},{"type":"Feature","properties":{"kind":"land"},"geometry":{"type":"Polygon","coordinates":[[[-2.6754,49.4342],[-2.6521,49.4416],[-2.6584,49.4596],[-2.6117,49.4662],[-2.5717,49.4987],[-2.5433,49.4938],[-2.5483,49.5079],[-2.5058,49.5088],[-2.5346,49.4692],[-2.5291,49.4221],[-2.6754,49.4342]]]}},{"type":"Feature","properties":{"kind":"land"},"geometry":{"type":"Polygon","coordinates":[[[4.9992,61.9884],[4.9867,62.0387],[5.0816,62.0021],[5.0792,62.0175],[5.1291,62.0308],[5.1592,61.99],[5.1116,61.927],[5.0124,61.9416],[5.0675,61.97],[4.9992,61.9884]]]}},{"type":"Feature","properties":{"kind":"land"},"geometry":{"type":"Polygon","coordinates":[[[-6.0025,57.3483],[-6.0184,57.3338],[-6.0676,57.3342],[-6.0842,57.4225],[-6.0559,57.4617],[-6.0176,57.46],[-6.0292,57.4708],[-5.9917,57.5071],[-5.9842,57.4725],[-6.0292,57.435],[-6.0025,57.3483]]]}},{"type":"Feature","properties":{"kind":"land"},"geometry":{"type":"Polygon","coordinates":[[[-7.5142,57.0],[-7.5293,57.0133],[-7.4651,57.0204],[-7.4434,57.0587],[-7.4191,57.0425],[-7.4326,57.0175],[-7.3959,57.0025],[-7.4276,57.0033],[-7.3758,56.985],[-7.4208,56.9899],[-7.4075,56.9767],[-7.45,56.9446],[-7.5067,56.9571],[-7.5084,56.9446],[-7.5583,56.9504],[-7.5142,57.0]]]}},{"type":"Feature","properties":{"kind":"land"},"geometry":{"type":"Polygon","coordinates":[[[5.9224,59.2733],[6.0649,59.2954],[6.1092,59.2708],[6.1057,59.2524],[5.9333,59.2254],[5.9224,59.2733]]]}},{"type":"Feature","properties":{"kind":"land"},"geometry":{"type":"Polygon","coordinates":[[[5.6091,53.4508],[5.6283,53.4704],[5.6917,53.4596],[5.9691,53.4625],[5.7734,53.4346],[5.7267,53.4429],[5.68,53.4246],[5.64,53.4254],[5.6091,53.4508]]]}},{"type":"Feature","properties":{"kind":"land"},"geometry":{"type":"Polygon","coordinates":[[[5.2567,59.9888],[5.1725,60.045],[5.2033,60.0929],[5.2208,60.0409],[5.2558,60.0483],[5.2291,60.0575],[5.2099,60.1254],[5.2591,60.0942],[5.2642,60.0625],[5.2616,60.0871],[5.3007,60.0667],[5.3008,60.025],[5.2708,60.0108],[5.2909,60.01],[5.2567,59.9888]]]}},{"type":"Feature","properties":{"kind":"land"},"geometry":{"type":"Polygon","coordinates":[[[-2.7041,59.1991],[-2.6976,59.2217],[-2.6026,59.2617],[-2.6167,59.2946],[-2.5319,59.3038],[-2.5809,59.2659],[-2.5467,59.2612],[-2.4176,59.3109],[-2.3925,59.2776],[-2.4792,59.2767],[-2.516,59.245],[-2.5099,59.2229],[-2.5267,59.2571],[-2.5259,59.2375],[-2.5668,59.2362],[-2.5717,59.2204],[-2.5717,59.2438],[-2.6017,59.2287],[-2.6318,59.238],[-2.6741,59.1917],[-2.6867,59.2037],[-2.6952,59.1845],[-2.7041,59.1991]]]}},{"type":"Feature","properties":{"kind":"land"},"geometry":{"type":"Polygon","coordinates":[[[-2.3087,47.025],[-2.2533,47.0287],[-2.2206,47.0],[-2.3026,47.0],[-2.3087,47.025]]]}},{"type":"Feature","properties":{"kind":"land"},"geometry":{"type":"Polygon","coordinates":[[[6.7675,62.8091],[6.8208,62.8241],[6.7775,62.8417],[6.8199,62.8546],[6.8649,62.8362],[6.9174,62.8542],[6.8816,62.8546],[6.89,62.8629],[6.9724,62.8508],[6.9632,62.8237],[6.8942,62.8166],[6.9241,62.8125],[6.9199,62.7754],[6.7675,62.8091]]]}},{"type":"Feature","properties":{"kind":"land"},"geometry":{"type":"Polygon","coordinates":[[[-2.9997,59.3306],[-2.9533,59.3595],[-2.9576,59.3267],[-2.9892,59.3175],[-2.9067,59.3046],[-2.8825,59.2684],[-2.8543,59.2675],[-2.8377,59.2467],[-2.8601,59.2504],[-2.8817,59.2279],[-2.8775,59.2558],[-2.93,59.2846],[-2.9651,59.2871],[-2.9491,59.2725],[-2.9819,59.2587],[-3.0259,59.2775],[-3.0242,59.3042],[-3.0708,59.3317],[-2.9997,59.3306]]]}},{"type":"Feature","properties":{"kind":"land"},"geometry":{"type":"Polygon","coordinates":[[[-2.9998,59.1787],[-2.9526,59.18],[-2.9792,59.1616],[-2.9658,59.1358],[-3.0451,59.1262],[-3.1159,59.1608],[-3.0817,59.1996],[-2.9998,59.1787]]]}},{"type":"Feature","properties":{"kind":"land"},"geometry":{"type":"Polygon","coordinates":[[[6.0,60.1649],[6.0624,60.15],[6.0608,60.1275],[5.9699,60.0679],[5.9292,60.1375],[6.0,60.1649]]]}},{"type":"Feature","properties":{"kind":"land"},"geometry":{"type":"Polygon","coordinates":[[[-0.9492,60.6141],[-0.9351,60.6321],[-0.8917,60.6221],[-0.8634,60.6362],[-0.8258,60.6299],[-0.8083,60.6004],[-0.7717,60.6188],[-0.7642,60.6008],[-0.7983,60.5687],[-0.8916,60.5929],[-0.8592,60.5692],[-0.8901,60.562],[-0.9492,60.6141]]]}},{"type":"Feature","properties":{"kind":"land"},"geometry":{"type":"Polygon","coordinates":[[[-6.5975,62.385],[-6.5734,62.3954],[-6.5283,62.3838],[-6.4735,62.3029],[-6.4517,62.3212],[-6.4059,62.3058],[-6.4317,62.2779],[-6.5208,62.2933],[-6.5476,62.3633],[-6.5975,62.385]]]}},{"type":"Feature","properties":{"kind":"land"},"geometry":{"type":"Polygon","coordinates":[[[5.5691,59.1234],[5.6017,59.1413],[5.6999,59.1162],[5.7533,59.1246],[5.7825,59.1091],[5.7842,59.0791],[5.7399,59.0704],[5.7016,59.0979],[5.5691,59.1234]]]}},{"type":"Feature","properties":{"kind":"land"},"geometry":{"type":"Polygon","coordinates":[[[-6.2809,56.0375],[-6.2492,56.055],[-6.2476,56.0858],[-6.2067,56.1079],[-6.1809,56.1041],[-6.1483,56.1329],[-6.1342,56.12],[-6.1975,56.0608],[-6.1858,56.0417],[-6.2134,56.0287],[-6.2567,56.0346],[-6.2467,56.0437],[-6.2809,56.0375]]]}},{"type":"Feature","properties":{"kind":"land"},"geometry":{"type":"Polygon","coordinates":[[[5.0341,61.3258],[4.9533,61.3121],[4.8841,61.3408],[4.9099,61.3804],[4.9683,61.3688],[5.0141,61.3783],[5.0341,61.3258]]]}},{"type":"Feature","properties":{"kind":"land"},"geometry":{"type":"Polygon","coordinates":[[[5.6291,59.8108],[5.6599,59.8163],[5.6558,59.7992],[5.6817,59.8037],[5.6966,59.7887],[5.7199,59.8146],[5.7407,59.7908],[5.7967,59.7896],[5.8408,59.7542],[5.7949,59.757],[5.7758,59.725],[5.7432,59.7196],[5.7291,59.7599],[5.7491,59.7766],[5.7299,59.7729],[5.7166,59.7912],[5.6617,59.7787],[5.6291,59.8108]]]}},{"type":"Feature","properties":{"kind":"land"},"geometry":{"type":"Polygon","coordinates":[[[6.1191,53.4725],[6.1583,53.4987],[6.3375,53.5042],[6.2433,53.4762],[6.16,53.4713],[6.1266,53.4504],[6.1191,53.4725]]]}},{"type":"Feature","properties":{"kind":"land"},"geometry":{"type":"Polygon","coordinates":[[[5.3716,59.9895],[5.3391,60.03],[5.3699,60.0862],[5.4225,60.0742],[5.4441,60.0291],[5.4233,60.0071],[5.3733,60.0146],[5.3716,59.9895]]]}},{"type":"Feature","properties":{"kind":"land"},"geometry":{"type":"Polygon","coordinates":[[[-4.7042,53.3083],[-4.6834,53.3237],[-4.625,53.3196],[-4.5875,53.3017],[-4.6092,53.2816],[-4.5558,53.2458],[-4.6117,53.2437],[-4.6208,53.2783],[-4.6867,53.2821],[-4.6793,53.2983],[-4.7042,53.3083]]]}},{"type":"Feature","properties":{"kind":"land"},"geometry":{"type":"Polygon","coordinates":[[[-2.6926,59.0816],[-2.6709,59.1092],[-2.6226,59.1183],[-2.675,59.1537],[-2.63,59.1621],[-2.6251,59.1438],[-2.5741,59.1426],[-2.6042,59.1367],[-2.5917,59.1146],[-2.5393,59.1233],[-2.5366,59.0754],[-2.5649,59.0838],[-2.6049,59.0704],[-2.6334,59.1071],[-2.6533,59.0754],[-2.6926,59.0816]]]}},{"type":"Feature","properties":{"kind":"land"},"geometry":{"type":"Polygon","coordinates":[[[-6.7126,62.3358],[-6.7025,62.3683],[-6.6785,62.3679],[-6.6018,62.2521],[-6.6609,62.2683],[-6.7126,62.3358]]]}},{"type":"Feature","properties":{"kind":"land"},"geometry":{"type":"Polygon","coordinates":[[[4.699,61.0],[4.7125,61.0258],[4.6883,60.9921],[4.6475,61.0225],[4.6408,61.0608],[4.705,61.0854],[4.7091,61.0483],[4.7441,61.0241],[4.7383,60.9962],[4.7066,60.9829],[4.699,61.0]]]}},{"type":"Feature","properties":{"kind":"land"},"geometry":{"type":"Polygon","coordinates":[[[5.0016,53.2887],[5.0583,53.3071],[5.0992,53.3033],[4.975,53.2671],[4.9824,53.2475],[4.9183,53.2146],[4.8525,53.2175],[5.0016,53.2887]]]}},{"type":"Feature","properties":{"kind":"land"},"geometry":{"type":"Polygon","coordinates":[[[4.7742,60.9341],[4.8416,60.9471],[4.8542,60.9349],[4.8217,60.9279],[4.8867,60.9354],[4.8691,60.9158],[4.9007,60.9083],[4.9333,60.8537],[4.8783,60.8621],[4.8774,60.8875],[4.8307,60.8942],[4.8325,60.9225],[4.8132,60.9079],[4.8067,60.9221],[4.7775,60.915],[4.7742,60.9341]]]}},{"type":"Feature","properties":{"kind":"land"},"geometry":{"type":"Polygon","coordinates":[[[5.0,60.9462],[5.0366,60.8438],[4.9766,60.8479],[4.9624,60.8699],[4.9541,60.94],[5.0,60.9462]]]}},{"type":"Feature","properties":{"kind":"land"},"geometry":{"type":"Polygon","coordinates":[[[6.6575,53.5958],[6.7432,53.6237],[6.8141,53.6049],[6.7175,53.5833],[6.7591,53.5675],[6.7516,53.5579],[6.6575,53.5833],[6.6575,53.5958]]]}},{"type":"Feature","properties":{"kind":"land"},"geometry":{"type":"Polygon","coordinates":[[[-6.8159,62.3675],[-6.7758,62.3608],[-6.6609,62.2466],[-6.6683,62.2246],[-6.7191,62.2391],[-6.7175,62.2675],[-6.8159,62.3675]]]}},{"type":"Feature","properties":{"kind":"land"},"geometry":{"type":"Polygon","coordinates":[[[-9.8326,53.1399],[-9.785,53.1504],[-9.7534,53.1296],[-9.705,53.1396],[-9.6567,53.1287],[-9.6775,53.1116],[-9.65,53.0979],[-9.6333,53.1087],[-9.6392,53.0899],[-9.8326,53.1399]]]}},{"type":"Feature","properties":{"kind":"land"},"geometry":{"type":"Polygon","coordinates":[[[5.3741,59.1983],[5.3859,59.2441],[5.4149,59.2437],[5.4724,59.2016],[5.45,59.1588],[5.3741,59.1983]]]}},{"type":"Feature","properties":{"kind":"land"},"geometry":{"type":"Polygon","coordinates":[[[4.8466,60.7854],[4.8634,60.8054],[4.9233,60.7837],[4.9166,60.8179],[4.9892,60.7333],[4.8733,60.7596],[4.9091,60.7684],[4.8466,60.7854]]]}},{"type":"Feature","properties":{"kind":"land"},"geometry":{"type":"Polygon","coordinates":[[[-6.2093,56.8908],[-6.2092,56.9066],[-6.1576,56.9166],[-6.1642,56.9358],[-6.1367,56.9437],[-6.1142,56.9275],[-6.1192,56.885],[-6.1617,56.8712],[-6.2093,56.8908]]]}},{"type":"Feature","properties":{"kind":"land"},"geometry":{"type":"Polygon","coordinates":[[[-2.9375,59.0341],[-2.9051,59.0771],[-2.8585,59.0571],[-2.8009,59.0866],[-2.8118,59.0237],[-2.9375,59.0341]]]}},{"type":"Feature","properties":{"kind":"land"},"geometry":{"type":"Polygon","coordinates":[[[-2.8292,59.1916],[-2.7842,59.1891],[-2.7927,59.2367],[-2.7584,59.2504],[-2.7344,59.2208],[-2.7658,59.1916],[-2.7408,59.1441],[-2.7917,59.1379],[-2.8292,59.1758],[-2.8292,59.1916]]]}},{"type":"Feature","properties":{"kind":"land"},"geometry":{"type":"Polygon","coordinates":[[[-1.1509,60.1741],[-1.1334,60.1862],[-1.0833,60.1721],[-1.0767,60.1921],[-1.0742,60.1616],[-1.0476,60.1708],[-1.0733,60.1029],[-1.1259,60.1208],[-1.1159,60.15],[-1.1509,60.1741]]]}},{"type":"Feature","properties":{"kind":"land"},"geometry":{"type":"Polygon","coordinates":[[[-6.4159,62.2724],[-6.345,62.3062],[-6.2859,62.2925],[-6.29,62.2787],[-6.3393,62.2783],[-6.3209,62.2458],[-6.3734,62.2337],[-6.4159,62.2724]]]}},{"type":"Feature","properties":{"kind":"land"},"geometry":{"type":"Polygon","coordinates":[[[-10.4342,51.8825],[-10.4142,51.9108],[-10.3634,51.9204],[-10.3567,51.9354],[-10.2908,51.9258],[-10.3556,51.8918],[-10.4342,51.8825]]]}},{"type":"Feature","properties":{"kind":"land"},"geometry":{"type":"Polygon","coordinates":[[[-6.0017,57.2887],[-6.0225,57.3041],[-6.0034,57.3254],[-5.9159,57.3008],[-5.9451,57.2745],[-6.0017,57.2887]]]}},{"type":"Feature","properties":{"kind":"land"},"geometry":{"type":"Polygon","coordinates":[[[5.7725,59.1583],[5.7783,59.1771],[5.8074,59.1675],[5.8283,59.2012],[5.8775,59.185],[5.8416,59.1404],[5.795,59.1387],[5.7725,59.1583]]]}},{"type":"Feature","properties":{"kind":"land"},"geometry":{"type":"Polygon","coordinates":[[[-1.1142,50.8008],[-1.0925,50.8108],[-1.1017,50.8254],[-1.0445,50.823],[-1.0492,50.7892],[-1.0308,50.7866],[-1.095,50.7762],[-1.1142,50.8008]]]}},{"type":"Feature","properties":{"kind":"land"},"geometry":{"type":"Polygon","coordinates":[[[5.109,59.9988],[5.1866,60.0171],[5.2208,59.9858],[5.1299,59.9654],[5.109,59.9988]]]}},{"type":"Feature","properties":{"kind":"land"},"geometry":{"type":"Polygon","coordinates":[[[5.5958,62.3291],[5.6333,62.3454],[5.6883,62.3412],[5.6733,62.3604],[5.7457,62.3675],[5.7366,62.3237],[5.6567,62.3237],[5.6449,62.3171],[5.5958,62.3291]]]}},{"type":"Feature","properties":{"kind":"land"},"geometry":{"type":"Polygon","coordinates":[[[4.7742,60.5983],[4.7959,60.5942],[4.7808,60.6158],[4.8041,60.615],[4.7966,60.6738],[4.8591,60.6133],[4.8392,60.6133],[4.84,60.5813],[4.7742,60.5925],[4.7742,60.5983]]]}},{"type":"Feature","properties":{"kind":"land"},"geometry":{"type":"Polygon","coordinates":[[[-5.6009,56.4633],[-5.5742,56.4983],[-5.5225,56.5133],[-5.4726,56.5575],[-5.4292,56.5608],[-5.5042,56.4983],[-5.6009,56.4633]]]}},{"type":"Feature","properties":{"kind":"land"},"geometry":{"type":"Polygon","coordinates":[[[7.1397,53.7117],[7.2006,53.7262],[7.348,53.7238],[7.2572,53.7061],[7.1539,53.6995],[7.1397,53.7117]]]}},{"type":"Feature","properties":{"kind":"land"},"geometry":{"type":"Polygon","coordinates":[[[-9.7242,53.2617],[-9.6584,53.2829],[-9.6492,53.2275],[-9.705,53.2246],[-9.7242,53.2617]]]}},{"type":"Feature","properties":{"kind":"land"},"geometry":{"type":"Polygon","coordinates":[[[5.0359,60.9717],[4.9325,60.9717],[4.9299,61.0112],[4.9724,61.01],[4.97,60.9904],[4.9799,61.0137],[5.0125,61.01],[5.0208,60.9933],[4.9841,60.9925],[5.0359,60.9717]]]}},{"type":"Feature","properties":{"kind":"land"},"geometry":{"type":"Polygon","coordinates":[[[6.5208,58.2441],[6.6108,58.2369],[6.6291,58.1958],[6.5825,58.2033],[6.5583,58.2337],[6.5641,58.2142],[6.5416,58.2112],[6.5208,58.2441]]]}},{"type":"Feature","properties":{"kind":"land"},"geometry":{"type":"Polygon","coordinates":[[[6.0099,62.5529],[6.1025,62.5716],[6.0849,62.5896],[6.1291,62.5883],[6.1351,62.5304],[6.0932,62.5537],[6.0217,62.5354],[6.0408,62.5433],[6.0099,62.5529]]]}},{"type":"Feature","properties":{"kind":"land"},"geometry":{"type":"Polygon","coordinates":[[[-1.0,60.3696],[-0.9617,60.3846],[-0.9009,60.3825],[-1.0066,60.3271],[-1.0409,60.3408],[-1.0,60.3696]]]}},{"type":"Feature","properties":{"kind":"land"},"geometry":{"type":"Polygon","coordinates":[[[4.7908,61.7924],[4.8483,61.8129],[4.9033,61.7779],[4.8466,61.7462],[4.8541,61.7684],[4.7908,61.7924]]]}},{"type":"Feature","properties":{"kind":"land"},"geometry":{"type":"Polygon","coordinates":[[[-9.9258,51.6183],[-9.9051,51.6387],[-9.8384,51.6437],[-9.8283,51.6329],[-9.7858,51.6458],[-9.8383,51.6179],[-9.9258,51.6183]]]}},{"type":"Feature","properties":{"kind":"land"},"geometry":{"type":"Polygon","coordinates":[[[-8.5492,55.0],[-8.5642,55.0142],[-8.5417,55.0221],[-8.4959,55.0016],[-8.4909,54.9725],[-8.5701,54.9728],[-8.5492,55.0]]]}},{"type":"Feature","properties":{"kind":"land"},"geometry":{"type":"Polygon","coordinates":[[[7.2241,62.6641],[7.2849,62.6804],[7.3908,62.66],[7.32,62.6462],[7.2241,62.6641]]]}},{"type":"Feature","properties":{"kind":"land"},"geometry":{"type":"Polygon","coordinates":[[[-6.2709,56.4783],[-6.2233,56.5004],[-6.1442,56.4708],[-6.2084,56.4587],[-6.2117,56.4704],[-6.2466,56.4637],[-6.2709,56.4783]]]}},{"type":"Feature","properties":{"kind":"land"},"geometry":{"type":"Polygon","coordinates":[[[7.4646,53.7345],[7.4921,53.7583],[7.6312,53.7526],[7.627,53.7422],[7.517,53.7465],[7.497,53.724],[7.4646,53.7345]]]}},{"type":"Feature","properties":{"kind":"land"},"geometry":{"type":"Polygon","coordinates":[[[-1.0084,50.7829],[-1.0275,50.7925],[-0.9975,50.7958],[-0.9858,50.8283],[-0.9567,50.8296],[-0.9725,50.805],[-0.9375,50.7766],[-1.0084,50.7829]]]}},{"type":"Feature","properties":{"kind":"land"},"geometry":{"type":"Polygon","coordinates":[[[6.0,59.212],[6.1059,59.23],[6.0466,59.1829],[6.0141,59.1808],[6.0,59.212]]]}},{"type":"Feature","properties":{"kind":"land"},"geometry":{"type":"Polygon","coordinates":[[[7.6661,53.7567],[7.7002,53.7813],[7.8144,53.7774],[7.7586,53.7604],[7.6661,53.7567]]]}},{"type":"Feature","properties":{"kind":"land"},"geometry":{"type":"Polygon","coordinates":[[[6.5183,62.6446],[6.5733,62.6537],[6.6008,62.6891],[6.6517,62.7063],[6.665,62.6604],[6.5183,62.6446]]]}},{"type":"Feature","properties":{"kind":"land"},"geometry":{"type":"Polygon","coordinates":[[[5.5691,59.0992],[5.6366,59.0996],[5.7074,59.0633],[5.6666,59.0638],[5.6733,59.0771],[5.6217,59.0737],[5.6016,59.0962],[5.5882,59.0829],[5.5691,59.0925],[5.5691,59.0992]]]}},{"type":"Feature","properties":{"kind":"land"},"geometry":{"type":"Polygon","coordinates":[[[4.8358,60.54],[4.8841,60.5617],[4.9199,60.4921],[4.8933,60.5121],[4.8758,60.4967],[4.8358,60.54]]]}},{"type":"Feature","properties":{"kind":"land"},"geometry":{"type":"Polygon","coordinates":[[[4.8274,61.6834],[4.88,61.7171],[4.9074,61.6534],[4.8866,61.6687],[4.8666,61.6546],[4.8274,61.6834]]]}},{"type":"Feature","properties":{"kind":"land"},"geometry":{"type":"Polygon","coordinates":[[[-9.9992,53.8142],[-9.9833,53.8279],[-9.9458,53.8067],[-9.9883,53.7904],[-10.0542,53.79],[-10.0483,53.8046],[-9.9992,53.8142]]]}},{"type":"Feature","properties":{"kind":"land"},"geometry":{"type":"Polygon","coordinates":[[[-5.1413,48.4508],[-5.0725,48.4837],[-5.0354,48.4642],[-5.1075,48.4362],[-5.1,48.4562],[-5.1413,48.4508]]]}},{"type":"Feature","properties":{"kind":"land"},"geometry":{"type":"Polygon","coordinates":[[[5.0224,61.1683],[5.0625,61.1634],[5.0933,61.1154],[5.0308,61.1216],[5.0224,61.1683]]]}},{"type":"Feature","properties":{"kind":"land"},"geometry":{"type":"Polygon","coordinates":[[[5.0575,59.8516],[5.0866,59.8421],[5.0758,59.8617],[5.1049,59.8688],[5.1592,59.8375],[5.1067,59.8246],[5.0575,59.8516]]]}},{"type":"Feature","properties":{"kind":"land"},"geometry":{"type":"Polygon","coordinates":[[[-6.2859,55.295],[-6.2416,55.3121],[-6.1675,55.2991],[-6.19,55.2571],[-6.1967,55.2921],[-6.2859,55.295]]]}},{"type":"Feature","properties":{"kind":"land"},"geometry":{"type":"Polygon","coordinates":[[[-5.7542,56.1716],[-5.7284,56.1913],[-5.6758,56.1917],[-5.6734,56.1671],[-5.7542,56.1716]]]}},{"type":"Feature","properties":{"kind":"land"},"geometry":{"type":"Polygon","coordinates":[[[5.5,62.3671],[5.5549,62.3746],[5.6058,62.3408],[5.5299,62.3288],[5.5,62.3671]]]}},{"type":"Feature","properties":{"kind":"land"},"geometry":{"type":"Polygon","coordinates":[[[-3.5138,47.6508],[-3.4366,47.6446],[-3.4154,47.6258],[-3.4642,47.6213],[-3.5138,47.6508]]]}},{"type":"Feature","properties":{"kind":"land"},"geometry":{"type":"Polygon","coordinates":[[[-5.7776,55.6767],[-5.7201,55.7279],[-5.7325,55.6608],[-5.7667,55.6446],[-5.7776,55.6767]]]}},{"type":"Feature","properties":{"kind":"land"},"geometry":{"type":"Polygon","coordinates":[[[6.225,62.6837],[6.2317,62.6945],[6.2933,62.6912],[6.3509,62.6608],[6.3149,62.6529],[6.225,62.6837]]]}},{"type":"Feature","properties":{"kind":"land"},"geometry":{"type":"Polygon","coordinates":[[[-3.2758,54.1433],[-3.2509,54.15],[-3.2476,54.0933],[-3.2041,54.0508],[-3.1717,54.0446],[-3.2126,54.0475],[-3.2758,54.13],[-3.2758,54.1433]]]}},{"type":"Feature","properties":{"kind":"land"},"geometry":{"type":"Polygon","coordinates":[[[-7.0025,57.8858],[-7.0451,57.8946],[-7.075,57.8754],[-7.0859,57.8925],[-7.0051,57.9229],[-7.0025,57.8858]]]}},{"type":"Feature","properties":{"kind":"land"},"geometry":{"type":"Polygon","coordinates":[[[-5.6676,56.2208],[-5.6384,56.2704],[-5.6192,56.2483],[-5.6334,56.1888],[-5.6676,56.2208]]]}},{"type":"Feature","properties":{"kind":"land"},"geometry":{"type":"Polygon","coordinates":[[[6.4074,62.7683],[6.4825,62.7916],[6.47,62.7296],[6.4192,62.745],[6.4508,62.7567],[6.4074,62.7683]]]}},{"type":"Feature","properties":{"kind":"land"},"geometry":{"type":"Polygon","coordinates":[[[6.9966,53.6754],[6.8741,53.6658],[7.0931,53.6834],[6.9966,53.6754]]]}},{"type":"Feature","properties":{"kind":"land"},"geometry":{"type":"Polygon","coordinates":[[[5.5508,59.8558],[5.585,59.8754],[5.6192,59.8534],[5.5883,59.8129],[5.5508,59.8558]]]}},{"type":"Feature","properties":{"kind":"land"},"geometry":{"type":"Polygon","coordinates":[[[-5.6558,56.2983],[-5.5826,56.3241],[-5.6234,56.2646],[-5.6558,56.2983]]]}},{"type":"Feature","properties":{"kind":"land"},"geometry":{"type":"Polygon","coordinates":[[[-1.3775,60.0516],[-1.3465,60.0617],[-1.3575,60.08],[-1.3292,60.1],[-1.3526,60.1083],[-1.3167,60.1196],[-1.3275,60.085],[-1.2959,60.0925],[-1.3308,60.0433],[-1.3333,60.0821],[-1.3509,60.05],[-1.3775,60.0516]]]}},{"type":"Feature","properties":{"kind":"land"},"geometry":{"type":"Polygon","coordinates":[[[6.1624,62.6691],[6.1732,62.6846],[6.2049,62.6804],[6.2775,62.6308],[6.1624,62.6691]]]}},{"type":"Feature","properties":{"kind":"land"},"geometry":{"type":"Polygon","coordinates":[[[-2.1175,60.1358],[-2.0884,60.1579],[-2.0509,60.1575],[-2.0617,60.1112],[-2.1175,60.1358]]]}},{"type":"Feature","properties":{"kind":"land"},"geometry":{"type":"Polygon","coordinates":[[[4.7867,61.5846],[4.8558,61.6058],[4.84,61.6479],[4.8575,61.6125],[4.9058,61.595],[4.7867,61.5846]]]}},{"type":"Feature","properties":{"kind":"land"},"geometry":{"type":"Polygon","coordinates":[[[-5.5925,56.3817],[-5.565,56.4087],[-5.4959,56.425],[-5.555,56.3712],[-5.5925,56.3817]]]}},{"type":"Feature","properties":{"kind":"land"},"geometry":{"type":"Polygon","coordinates":[[[-4.9542,55.7467],[-4.9292,55.7875],[-4.9017,55.7921],[-4.9009,55.7525],[-4.9542,55.7467]]]}},{"type":"Feature","properties":{"kind":"land"},"geometry":{"type":"Polygon","coordinates":[[[6.1292,62.635],[6.195,62.6362],[6.2241,62.6041],[6.1482,62.6146],[6.1292,62.635]]]}},{"type":"Feature","properties":{"kind":"land"},"geometry":{"type":"Polygon","coordinates":[[[5.3924,62.2583],[5.4733,62.2679],[5.4857,62.2524],[5.4524,62.2566],[5.4925,62.2391],[5.4099,62.2421],[5.3924,62.2583]]]}},{"type":"Feature","properties":{"kind":"land"},"geometry":{"type":"Polygon","coordinates":[[[5.6441,59.7275],[5.655,59.7429],[5.6783,59.7404],[5.7274,59.7025],[5.6499,59.7137],[5.6441,59.7275]]]}},{"type":"Feature","properties":{"kind":"land"},"geometry":{"type":"Polygon","coordinates":[[[-7.2258,57.7075],[-7.1966,57.737],[-7.1425,57.7325],[-7.1784,57.7029],[-7.2258,57.7075]]]}},{"type":"Feature","properties":{"kind":"land"},"geometry":{"type":"Polygon","coordinates":[[[5.0558,61.48],[5.0558,61.5008],[5.0933,61.4971],[5.0916,61.5104],[5.1691,61.4892],[5.0558,61.48]]]}},{"type":"Feature","properties":{"kind":"land"},"geometry":{"type":"Polygon","coordinates":[[[4.8941,60.925],[4.9017,60.9379],[4.9374,60.93],[4.9583,60.8854],[4.9258,60.885],[4.8941,60.925]]]}},{"type":"Feature","properties":{"kind":"land"},"geometry":{"type":"Polygon","coordinates":[[[5.0359,61.5625],[5.0999,61.5762],[5.1758,61.5458],[5.0359,61.5625]]]}},{"type":"Feature","properties":{"kind":"land"},"geometry":{"type":"Polygon","coordinates":[[[6.0,62.4837],[6.0492,62.4875],[6.0349,62.4654],[5.9342,62.4658],[5.9649,62.4929],[6.0,62.4837]]]}},{"type":"Feature","properties":{"kind":"land"},"geometry":{"type":"Polygon","coordinates":[[[6.0875,62.4575],[6.1833,62.4837],[6.2624,62.4758],[6.0875,62.4575]]]}},{"type":"Feature","properties":{"kind":"water"},"geometry":{"type":"Polygon","coordinates":[[[-6.3267,54.6056],[-6.2847,54.6044],[-6.2714,54.5808],[-6.3656,54.5286],[-6.3486,54.5031],[-6.3697,54.4839],[-6.4275,54.4819],[-6.4328,54.505],[-6.5019,54.5158],[-6.5614,54.4983],[-6.5989,54.5181],[-6.6086,54.5519],[-6.5156,54.6136],[-6.5392,54.7053],[-6.5192,54.7333],[-6.4747,54.7414],[-6.4794,54.7122],[-6.4325,54.6989],[-6.2806,54.7219],[-6.2408,54.7078],[-6.3267,54.6056]]]}},{"type":"Feature","properties":{"kind":"water"},"geometry":{"type":"Polygon","coordinates":[[[-9.2208,53.4542],[-9.1725,53.4322],[-9.0292,53.4125],[-9.0794,53.3897],[-9.0753,53.3483],[-9.0461,53.3469],[-9.0375,53.3294],[-9.0828,53.2967],[-9.1197,53.3106],[-9.1464,53.3492],[-9.1206,53.36],[-9.1472,53.3806],[-9.1275,53.3964],[-9.1439,53.4094],[-9.235,53.4139],[-9.2406,53.4286],[-9.2622,53.4208],[-9.3086,53.4339],[-9.3619,53.4697],[-9.4667,53.4836],[-9.4497,53.5014],[-9.38,53.4897],[-9.405,53.5069],[-9.2917,53.5267],[-9.2219,53.5233],[-9.2017,53.4758],[-9.2208,53.4542]]]}},{"type":"Feature","properties":{"kind":"water"},"geometry":{"type":"Polygon","coordinates":[[[-8.2417,53.0411],[-8.2517,53.015],[-8.2869,53.0],[-8.2589,52.9289],[-8.3019,52.9189],[-8.2858,52.8958],[-8.38,52.8981],[-8.4433,52.8167],[-8.4639,52.8519],[-8.4283,52.89],[-8.4994,52.9031],[-8.4192,52.9269],[-8.3456,52.9283],[-8.3217,52.955],[-8.3544,53.0019],[-8.2831,53.0269],[-8.2894,53.0664],[-8.2056,53.0806],[-8.1617,53.0653],[-8.2417,53.0411]]]}},{"type":"Feature","properties":{"kind":"water"},"geometry":{"type":"Polygon","coordinates":[[[-7.7608,54.495],[-7.7242,54.48],[-7.7342,54.445],[-7.6567,54.3989],[-7.6553,54.3594],[-7.6933,54.4022],[-7.8325,54.4639],[-7.9678,54.4683],[-7.9431,54.5053],[-7.8578,54.5289],[-7.7886,54.5319],[-7.7478,54.5186],[-7.7608,54.495]]]}},{"type":"Feature","properties":{"kind":"water"},"geometry":{"type":"Polygon","coordinates":[[[-8.0125,53.6219],[-7.9669,53.5775],[-7.9619,53.5433],[-7.8947,53.5622],[-7.8939,53.5472],[-7.8639,53.5633],[-7.8411,53.5483],[-7.9064,53.5236],[-7.9267,53.4867],[-7.9067,53.4869],[-7.9203,53.4681],[-7.8997,53.4575],[-7.9833,53.4564],[-7.9742,53.4808],[-8.0028,53.4803],[-7.9942,53.5542],[-8.0269,53.5497],[-8.0619,53.5753],[-8.0406,53.5975],[-8.0564,53.6333],[-8.0278,53.6672],[-8.0022,53.6594],[-8.0125,53.6219]]]}},{"type":"Feature","properties":{"kind":"water"},"geometry":{"type":"Polygon","coordinates":[[[8.0,59.9572],[8.0,59.9392],[7.9611,59.9511],[7.9217,59.9981],[8.0,59.9572]]]}},{"type":"Feature","properties":{"kind":"water"},"geometry":{"type":"Polygon","coordinates":[[[-9.2792,53.6417],[-9.3133,53.585],[-9.2919,53.5783],[-9.3297,53.555],[-9.4056,53.555],[-9.4136,53.5828],[-9.475,53.5853],[-9.3956,53.6128],[-9.3311,53.6806],[-9.2947,53.6822],[-9.2792,53.6417]]]}},{"type":"Feature","properties":{"kind":"water"},"geometry":{"type":"Polygon","coordinates":[[[-4.6708,56.1881],[-4.6344,56.1375],[-4.5214,56.0731],[-4.5242,56.0525],[-4.5886,56.03],[-4.5836,56.0056],[-4.6342,56.0325],[-4.6308,56.0939],[-4.6919,56.1961],[-4.6817,56.2639],[-4.6708,56.1881]]]}},{"type":"Feature","properties":{"kind":"water"},"geometry":{"type":"Polygon","coordinates":[[[-9.2372,54.0319],[-9.1822,54.0092],[-9.1783,53.9919],[-9.2217,53.9811],[-9.275,53.9886],[-9.3069,54.0444],[-9.265,54.0447],[-9.2975,54.0622],[-9.2994,54.0933],[-9.2642,54.0969],[-9.2133,54.0628],[-9.2372,54.0319]]]}},{"type":"Feature","properties":{"kind":"water"},"geometry":{"type":"Polygon","coordinates":[[[-4.6764,57.1386],[-4.4478,57.3247],[-4.3492,57.3869],[-4.3344,57.3794],[-4.6764,57.1386]]]}},{"type":"Feature","properties":{"kind":"water"},"geometry":{"type":"Polygon","coordinates":[[[-5.0778,56.3506],[-5.2131,56.3042],[-5.3042,56.2133],[-5.4161,56.1764],[-5.3111,56.2236],[-5.2167,56.3208],[-5.0961,56.3611],[-5.0897,56.3803],[-5.0458,56.3856],[-5.0456,56.3775],[-5.0778,56.3506]]]}},{"type":"Feature","properties":{"kind":"water"},"geometry":{"type":"Polygon","coordinates":[[[7.8664,59.7064],[7.9947,59.7056],[8.0,59.6575],[7.9281,59.6908],[7.8478,59.6919],[7.7003,59.7692],[7.7311,59.7639],[7.8664,59.7064]]]}},{"type":"Feature","properties":{"kind":"water"},"geometry":{"type":"Polygon","coordinates":[[[-7.4814,54.1931],[-7.4289,54.1503],[-7.4906,54.1508],[-7.4739,54.1639],[-7.4964,54.165],[-7.5336,54.2239],[-7.6078,54.2592],[-7.5511,54.2717],[-7.4858,54.2258],[-7.4814,54.1931]]]}},{"type":"Feature","properties":{"kind":"water"},"geometry":{"type":"Polygon","coordinates":[[[8.0,60.7701],[8.0,60.7328],[7.9569,60.7436],[7.9358,60.7989],[7.9839,60.7983],[7.9814,60.7903],[8.0,60.7701]]]}},{"type":"Feature","properties":{"kind":"water"},"geometry":{"type":"Polygon","coordinates":[[[7.8322,58.7564],[7.7881,58.6803],[7.8006,58.6014],[7.7606,58.6833],[7.7694,58.7272],[7.8131,58.7531],[7.7508,58.7831],[7.7264,58.8439],[7.8322,58.7564]]]}},{"type":"Feature","properties":{"kind":"water"},"geometry":{"type":"Polygon","coordinates":[[[6.2203,61.9033],[6.1022,61.9083],[6.2794,61.9233],[6.36,61.9614],[6.4792,61.9633],[6.4433,61.9464],[6.4928,61.9306],[6.4211,61.9311],[6.2203,61.9033]]]}},{"type":"Feature","properties":{"kind":"water"},"geometry":{"type":"Polygon","coordinates":[[[-8.0275,54.0933],[-8.0633,54.0539],[-8.1006,54.1533],[-8.0192,54.1522],[-8.0275,54.0933]]]}},{"type":"Feature","properties":{"kind":"water"},"geometry":{"type":"Polygon","coordinates":[[[7.1647,47.0556],[7.115,47.0419],[7.0806,47.0539],[7.2381,47.1294],[7.1647,47.0556]]]}},{"type":"Feature","properties":{"kind":"water"},"geometry":{"type":"Polygon","coordinates":[[[-5.4561,57.6772],[-5.5361,57.6806],[-5.5536,57.7194],[-5.595,57.7431],[-5.3311,57.6358],[-5.4561,57.6772]]]}},{"type":"Feature","properties":{"kind":"water"},"geometry":{"type":"Polygon","coordinates":[[[7.6956,60.1978],[7.7028,60.1711],[7.7786,60.1483],[7.6531,60.1625],[7.5436,60.1528],[7.6289,60.1958],[7.6956,60.1978]]]}},{"type":"Feature","properties":{"kind":"water"},"geometry":{"type":"Polygon","coordinates":[[[6.3353,61.6731],[6.3386,61.7297],[6.2783,61.7511],[6.3736,61.7286],[6.3606,61.6772],[6.4217,61.6378],[6.3917,61.6303],[6.3353,61.6731]]]}},{"type":"Feature","properties":{"kind":"water"},"geometry":{"type":"Polygon","coordinates":[[[6.6881,58.5667],[6.6281,58.4269],[6.6644,58.5558],[6.6597,58.6447],[6.6839,58.6728],[6.6881,58.5667]]]}},{"type":"Feature","properties":{"kind":"water"},"geometry":{"type":"Polygon","coordinates":[[[-5.7289,56.9375],[-5.8092,56.9458],[-5.8083,56.9583],[-5.7994,56.9675],[-5.6944,56.9494],[-5.525,56.9572],[-5.5517,56.9464],[-5.7289,56.9375]]]}},{"type":"Feature","properties":{"kind":"water"},"geometry":{"type":"Polygon","coordinates":[[[-4.7333,58.1722],[-4.4686,58.0775],[-4.3964,58.0231],[-4.4219,58.0311],[-4.7333,58.1722]]]}},{"type":"Feature","properties":{"kind":"water"},"geometry":{"type":"Polygon","coordinates":[[[6.5786,58.3575],[6.5297,58.3292],[6.5558,58.3636],[6.5167,58.4417],[6.5678,58.4281],[6.5786,58.3575]]]}},{"type":"Feature","properties":{"kind":"water"},"geometry":{"type":"Polygon","coordinates":[[[-4.0811,56.5483],[-4.1506,56.4933],[-4.2847,56.465],[-4.1511,56.5094],[-4.0928,56.5567],[-3.9989,56.5783],[-4.0811,56.5483]]]}},{"type":"Feature","properties":{"kind":"water"},"geometry":{"type":"Polygon","coordinates":[[[5.8389,52.8811],[5.755,52.8794],[5.7781,52.9119],[5.8494,52.9097],[5.8389,52.8811]]]}},{"type":"Feature","properties":{"kind":"water"},"geometry":{"type":"Polygon","coordinates":[[[7.4908,59.8669],[7.5339,59.8703],[7.5486,59.8189],[7.4625,59.8522],[7.4519,59.8939],[7.4908,59.8669]]]}},{"type":"Feature","properties":{"kind":"water"},"geometry":{"type":"Polygon","coordinates":[[[-9.2575,53.6625],[-9.2817,53.7517],[-9.2519,53.7453],[-9.2444,53.7022],[-9.2083,53.7117],[-9.2575,53.6625]]]}},{"type":"Feature","properties":{"kind":"water"},"geometry":{"type":"Polygon","coordinates":[[[-4.4375,56.7661],[-4.4489,56.7322],[-4.4689,56.7483],[-4.4561,56.7703],[-4.3106,56.9028],[-4.2753,56.9119],[-4.4375,56.7661]]]}},{"type":"Feature","properties":{"kind":"water"},"geometry":{"type":"Polygon","coordinates":[[[4.3142,48.2503],[4.3211,48.3031],[4.3833,48.2917],[4.3814,48.2892],[4.3142,48.2503]]]}},{"type":"Feature","properties":{"kind":"water"},"geometry":{"type":"Polygon","coordinates":[[[-8.4422,53.9197],[-8.4275,53.9147],[-8.4908,53.9253],[-8.4631,53.9297],[-8.4789,53.9417],[-8.465,53.9747],[-8.4006,53.9606],[-8.4422,53.9197]]]}},{"type":"Feature","properties":{"kind":"water"},"geometry":{"type":"Polygon","coordinates":[[[-5.3828,57.0431],[-5.2767,57.0881],[-5.1889,57.0639],[-5.1936,57.0619],[-5.3828,57.0431]]]}},{"type":"Feature","properties":{"kind":"water"},"geometry":{"type":"Polygon","coordinates":[[[-7.2961,53.7897],[-7.3239,53.79],[-7.315,53.7794],[-7.3658,53.7808],[-7.3256,53.8181],[-7.2914,53.8239],[-7.2714,53.8128],[-7.2961,53.7897]]]}},{"type":"Feature","properties":{"kind":"water"},"geometry":{"type":"Polygon","coordinates":[[[-8.4317,54.2272],[-8.4539,54.2594],[-8.4303,54.2483],[-8.4161,54.2608],[-8.3211,54.2514],[-8.4317,54.2272]]]}},{"type":"Feature","properties":{"kind":"water"},"geometry":{"type":"Polygon","coordinates":[[[-9.5447,52.0139],[-9.5931,52.0581],[-9.5367,52.0519],[-9.4892,52.0225],[-9.5447,52.0139]]]}},{"type":"Feature","properties":{"kind":"water"},"geometry":{"type":"Polygon","coordinates":[[[5.5094,52.9161],[5.4997,52.8958],[5.4783,52.9022],[5.4856,52.9269],[5.5606,52.9594],[5.6244,52.9603],[5.5094,52.9161]]]}},{"type":"Feature","properties":{"kind":"water"},"geometry":{"type":"Polygon","coordinates":[[[-4.9714,56.9242],[-4.9739,56.9417],[-4.8358,57.0131],[-4.8447,57.0008],[-4.9714,56.9242]]]}},{"type":"Feature","properties":{"kind":"water"},"geometry":{"type":"Polygon","coordinates":[[[-4.5494,56.2444],[-4.6308,56.2867],[-4.5836,56.2819],[-4.5372,56.2531],[-4.4556,56.2503],[-4.4311,56.2297],[-4.5494,56.2444]]]}},{"type":"Feature","properties":{"kind":"water"},"geometry":{"type":"Polygon","coordinates":[[[-7.2897,53.6081],[-7.3658,53.6406],[-7.3994,53.6367],[-7.4008,53.6656],[-7.3539,53.6642],[-7.2897,53.6081]]]}},{"type":"Feature","properties":{"kind":"water"},"geometry":{"type":"Polygon","coordinates":[[[5.9253,52.6125],[5.8922,52.6233],[5.9867,52.6586],[6.0197,52.6375],[5.9253,52.6125]]]}},{"type":"Feature","properties":{"kind":"water"},"geometry":{"type":"Polygon","coordinates":[[[-7.3686,53.4589],[-7.4164,53.4375],[-7.4322,53.4544],[-7.4089,53.4825],[-7.3583,53.4861],[-7.3686,53.4589]]]}},{"type":"Feature","properties":{"kind":"water"},"geometry":{"type":"Polygon","coordinates":[[[-8.2269,53.9828],[-8.2739,53.9819],[-8.2772,54.0258],[-8.2128,54.0011],[-8.2269,53.9828]]]}},{"type":"Feature","properties":{"kind":"water"},"geometry":{"type":"Polygon","coordinates":[[[-4.4169,56.68],[-4.2183,56.6972],[-4.1917,56.6867],[-4.1986,56.6853],[-4.4169,56.68]]]}},{"type":"Feature","properties":{"kind":"water"},"geometry":{"type":"Polygon","coordinates":[[[-2.9183,54.3822],[-2.9386,54.2861],[-2.9533,54.3081],[-2.9331,54.3661],[-2.9694,54.4072],[-2.9525,54.4094],[-2.9183,54.3822]]]}},{"type":"Feature","properties":{"kind":"water"},"geometry":{"type":"Polygon","coordinates":[[[-9.7667,54.1608],[-9.825,54.2],[-9.7536,54.1989],[-9.7667,54.1608]]]}},{"type":"Feature","properties":{"kind":"water"},"geometry":{"type":"Polygon","coordinates":[[[5.1,52.1789],[5.0383,52.1669],[5.0458,52.1953],[5.0969,52.2008],[5.1,52.1789]]]}},{"type":"Feature","properties":{"kind":"water"},"geometry":{"type":"Polygon","coordinates":[[[4.6736,51.7539],[4.6894,51.7394],[4.7878,51.7958],[4.7189,51.7406],[4.8025,51.7567],[4.7633,51.7328],[4.8283,51.7117],[4.7394,51.7231],[4.6483,51.7131],[4.6736,51.7539]]]}}]}
